Sandık No,Seçim Çevresi,Kayıtlı Seçmen Sayısı,Oy Kullanan Seçmen Sayısı,Sandıktan Çıkan Oy Pusulası Sayısı,122. Maddeye Göre Yakılarak İptal Edilen Oy Pusulası Sayısı,Kullanılma-dığından İptal Edilerek Saklanan Oy Pusulası Sayısı,Geçerli Oy Pusulası Sayısı,Geçersiz Oy Pusulası Sayısı,Ersin Tatar,Tufan Erhürman,YDP,MDP,Arif Salih,Ahmet Boran,Mustafa Ulaş,Alpan Uz,Kudret Özersay,Mustafa Akıncı,Serdar Denktaş,Region
1,PİLE - PİLE,404,168,169,1,236,164,4,26,57,0,0,1,0,0,0,16,48,16,Magusa
2,AKDOĞAN - AKDOĞAN,285,128,128,0,157,123,5,26,50,2,0,0,1,0,0,0,41,3,Magusa
3,AKDOĞAN - AKDOĞAN,288,200,200,0,88,193,7,75,60,3,0,0,0,0,0,7,40,8,Magusa
4,AKDOĞAN - AKDOĞAN,283,214,214,0,69,187,27,61,72,1,0,1,0,0,0,5,39,8,Magusa
5,AKDOĞAN - AKDOĞAN,287,198,198,0,89,186,12,65,69,6,1,0,0,0,1,8,34,2,Magusa
6,AKDOĞAN - AKDOĞAN,286,199,199,0,87,189,10,42,91,1,0,0,0,0,0,1,50,4,Magusa
7,AKDOĞAN - AKDOĞAN,284,203,203,0,81,182,21,79,48,2,1,0,0,0,0,1,48,3,Magusa
8,AKDOĞAN - AKDOĞAN,286,193,193,0,93,184,9,65,70,1,2,2,0,0,0,4,32,8,Magusa
9,BEYARMUDU - BEYARMUDU,246,163,163,0,83,148,15,57,17,1,0,1,0,0,0,6,59,7,Magusa
10,BEYARMUDU - BEYARMUDU,247,168,168,0,79,142,26,45,15,1,0,0,0,0,0,13,67,1,Magusa
11,BEYARMUDU - BEYARMUDU,245,151,151,0,94,125,26,56,21,0,0,1,1,0,0,4,34,8,Magusa
12,BEYARMUDU - BEYARMUDU,245,167,167,0,78,154,13,44,15,0,0,0,0,0,0,2,92,1,Magusa
13,BEYARMUDU - ÇAYÖNÜ,313,200,200,0,113,182,18,89,35,8,0,0,0,0,0,14,28,8,Magusa
14,BEYARMUDU - ÇAYÖNÜ,306,184,184,0,122,177,7,76,24,17,2,0,1,0,0,21,27,9,Magusa
15,BEYARMUDU - GÜVERCİNLİK,301,198,198,0,103,182,16,121,20,23,1,1,0,0,0,14,1,1,Magusa
16,BEYARMUDU - GÜVERCİNLİK,303,182,182,0,121,165,17,95,18,34,0,0,0,0,0,14,4,0,Magusa
17,BEYARMUDU - GÜVERCİNLİK,298,204,204,0,94,200,4,145,7,35,0,0,0,0,0,13,0,0,Magusa
18,BEYARMUDU - İNCİRLİ,361,177,177,0,184,166,11,65,28,6,0,0,0,0,0,9,48,10,Magusa
19,BEYARMUDU - KÖPRÜLÜ,182,94,94,0,88,88,6,24,21,0,0,2,0,0,1,29,11,0,Magusa
20,BEYARMUDU - TÜRKMENKÖY,245,166,166,0,79,154,12,45,43,0,0,0,0,0,1,18,45,2,Magusa
21,BEYARMUDU - TÜRKMENKÖY,241,152,152,0,89,141,11,32,46,0,1,0,0,0,0,7,38,17,Magusa
22,BEYARMUDU - TÜRKMENKÖY,238,158,158,0,80,144,14,28,50,2,0,0,0,0,0,17,47,0,Magusa
23,GAZİMAĞUSA - ANADOLU MAH,279,137,137,0,142,128,9,54,25,34,0,1,0,0,0,4,8,2,Magusa
24,GAZİMAĞUSA - ANADOLU MAH,247,119,119,0,128,114,5,80,8,17,0,0,1,0,0,0,6,2,Magusa
25,GAZİMAĞUSA - ANADOLU MAH,249,152,152,0,97,143,9,80,19,23,1,0,0,0,0,5,12,3,Magusa
26,GAZİMAĞUSA - ANADOLU MAH,246,134,134,0,112,129,5,64,14,26,2,0,0,0,0,6,17,0,Magusa
27,GAZİMAĞUSA - ANADOLU MAH,247,127,127,0,120,125,2,64,9,29,0,0,0,0,0,12,8,3,Magusa
28,GAZİMAĞUSA - BAYKAL MAH,289,140,140,0,149,138,2,37,21,4,3,0,0,0,0,14,43,16,Magusa
29,GAZİMAĞUSA - BAYKAL MAH,286,125,125,0,161,121,4,44,22,2,0,0,0,0,0,9,44,0,Magusa
30,GAZİMAĞUSA - BAYKAL MAH,295,160,160,0,135,159,1,44,30,2,0,0,0,0,0,13,62,8,Magusa
31,GAZİMAĞUSA - BAYKAL MAH,295,148,148,0,147,144,4,40,39,5,1,0,0,0,0,1,48,10,Magusa
32,GAZİMAĞUSA - BAYKAL MAH,291,148,148,0,143,138,10,36,26,3,0,0,0,0,0,7,58,8,Magusa
33,GAZİMAĞUSA - BAYKAL MAH,294,150,150,0,144,149,1,45,24,2,1,0,0,0,0,5,61,11,Magusa
34,GAZİMAĞUSA - BAYKAL MAH,291,139,139,0,152,134,5,27,30,2,0,0,0,0,0,12,57,6,Magusa
35,GAZİMAĞUSA - CANBULAT MAH,272,108,108,0,164,107,1,38,24,4,0,1,0,0,1,8,30,1,Magusa
36,GAZİMAĞUSA - CANBULAT MAH,273,116,116,0,157,112,4,39,31,3,0,0,1,0,0,2,31,5,Magusa
37,GAZİMAĞUSA - CANBULAT MAH,273,137,137,0,136,135,2,40,27,6,2,1,0,0,0,13,39,7,Magusa
38,GAZİMAĞUSA - CANBULAT MAH,275,114,114,0,161,105,9,22,29,3,0,0,0,0,0,8,40,3,Magusa
39,GAZİMAĞUSA - CANBULAT MAH,274,143,143,0,131,123,20,41,30,1,0,0,0,0,0,7,42,2,Magusa
40,GAZİMAĞUSA - CANBULAT MAH,268,127,127,0,141,127,0,29,26,11,0,1,1,0,0,10,40,9,Magusa
41,GAZİMAĞUSA - CANBULAT MAH,268,143,143,0,125,135,8,40,27,3,0,0,0,1,0,9,50,5,Magusa
42,GAZİMAĞUSA - CANBULAT MAH,272,119,119,0,153,107,12,29,27,3,0,0,0,0,0,8,34,6,Magusa
43,GAZİMAĞUSA - CANBULAT MAH,265,143,143,0,122,132,11,44,17,2,1,0,0,0,0,13,48,7,Magusa
44,GAZİMAĞUSA - ÇANAKKALE MAH,280,83,83,0,197,72,11,39,10,1,0,0,0,0,0,8,11,3,Magusa
45,GAZİMAĞUSA - ÇANAKKALE MAH,276,141,141,0,135,136,5,45,18,9,0,2,0,0,0,11,34,17,Magusa
46,GAZİMAĞUSA - ÇANAKKALE MAH,276,170,170,0,106,168,2,74,40,6,0,0,0,0,0,12,32,4,Magusa
47,GAZİMAĞUSA - ÇANAKKALE MAH,277,145,145,0,132,136,9,42,33,7,2,0,1,0,0,11,34,6,Magusa
48,GAZİMAĞUSA - ÇANAKKALE MAH,278,161,161,0,117,156,5,39,31,4,0,0,0,0,0,12,68,2,Magusa
49,GAZİMAĞUSA - ÇANAKKALE MAH,277,155,155,0,122,143,12,49,39,1,0,0,0,0,0,12,32,10,Magusa
50,GAZİMAĞUSA - ÇANAKKALE MAH,277,150,150,0,127,138,12,35,31,4,0,0,0,1,0,9,52,6,Magusa
51,GAZİMAĞUSA - ÇANAKKALE MAH,280,124,124,0,156,118,6,43,26,5,0,0,0,0,0,4,30,10,Magusa
52,GAZİMAĞUSA - DUMLUPINAR MAH,301,155,155,0,146,149,6,43,19,4,0,0,0,0,0,24,58,1,Magusa
53,GAZİMAĞUSA - DUMLUPINAR MAH,301,156,156,0,145,150,6,58,47,1,0,0,0,0,1,5,37,1,Magusa
54,GAZİMAĞUSA - DUMLUPINAR MAH,301,161,161,0,140,156,5,38,41,7,0,0,1,0,0,12,56,1,Magusa
55,GAZİMAĞUSA - DUMLUPINAR MAH,300,153,153,0,147,151,2,57,27,4,1,0,0,0,0,8,43,11,Magusa
56,GAZİMAĞUSA - DUMLUPINAR MAH,300,154,154,0,146,148,6,56,20,1,0,0,0,0,0,7,62,2,Magusa
57,GAZİMAĞUSA - DUMLUPINAR MAH,301,157,158,1,144,154,3,36,42,4,2,0,0,0,1,11,57,1,Magusa
58,GAZİMAĞUSA - DUMLUPINAR MAH,301,185,185,0,116,174,11,34,39,4,0,0,0,0,0,13,82,2,Magusa
59,GAZİMAĞUSA - HARİKA MAH,224,137,137,0,87,121,16,77,9,14,0,0,0,0,0,7,9,5,Magusa
60,GAZİMAĞUSA - HARİKA MAH,225,124,124,0,101,122,2,92,4,18,1,0,0,0,0,6,1,0,Magusa
61,GAZİMAĞUSA - KARAKOL MAH,277,163,163,0,114,161,2,38,50,9,2,0,0,0,0,6,49,7,Magusa
62,GAZİMAĞUSA - KARAKOL MAH,274,128,128,0,160,122,6,34,37,5,0,0,0,0,1,11,29,5,Magusa
63,GAZİMAĞUSA - KARAKOL MAH,281,163,163,0,118,161,2,41,58,2,0,1,0,0,0,13,42,4,Magusa
64,GAZİMAĞUSA - KARAKOL MAH,274,123,123,0,151,107,16,35,20,2,0,0,0,0,0,16,32,2,Magusa
65,GAZİMAĞUSA - KARAKOL MAH,276,136,136,0,140,133,3,32,29,5,0,0,0,0,0,7,55,5,Magusa
66,GAZİMAĞUSA - KARAKOL MAH,277,141,141,0,136,137,4,33,42,3,0,0,0,0,0,12,44,3,Magusa
67,GAZİMAĞUSA - KARAKOL MAH,279,166,166,0,113,162,4,32,50,1,0,0,0,0,0,19,49,11,Magusa
68,GAZİMAĞUSA - KARAKOL MAH,278,162,162,0,116,152,10,48,44,7,1,0,0,0,0,5,46,1,Magusa
69,GAZİMAĞUSA - KARAKOL MAH,277,130,130,0,147,124,6,43,25,7,0,0,0,0,0,19,25,5,Magusa
70,GAZİMAĞUSA - LALA MUSTAFAPAŞA,259,128,128,0,131,121,7,23,30,6,0,0,0,0,0,6,46,10,Magusa
71,GAZİMAĞUSA - LALA MUSTAFAPAŞA,261,112,112,0,149,110,2,22,29,1,0,0,0,0,0,6,48,4,Magusa
72,GAZİMAĞUSA - LALA MUSTAFAPAŞA,257,115,115,0,142,108,7,38,15,13,0,0,0,1,0,9,25,7,Magusa
73,GAZİMAĞUSA - LALA MUSTAFAPAŞA,259,127,127,0,132,122,5,25,37,1,0,0,1,0,0,5,46,7,Magusa
74,GAZİMAĞUSA - LALA MUSTAFAPAŞA,259,149,149,0,110,141,8,46,49,3,0,1,0,0,0,6,34,2,Magusa
75,GAZİMAĞUSA - LALA MUSTAFAPAŞA,260,155,155,0,105,146,9,56,29,8,0,0,0,0,0,14,34,5,Magusa
76,GAZİMAĞUSA - LALA MUSTAFAPAŞA,261,120,120,0,141,110,10,39,25,2,0,0,1,0,0,5,35,3,Magusa
77,GAZİMAĞUSA - MUTLUYAKA,213,150,150,0,63,148,2,49,45,5,0,1,1,0,0,4,38,5,Magusa
78,GAZİMAĞUSA - MUTLUYAKA,200,126,126,0,74,123,3,19,47,2,1,2,0,0,0,14,34,4,Magusa
79,GAZİMAĞUSA - NAMIK KEMAL MAH,276,132,132,0,144,130,2,35,30,6,0,0,0,0,0,5,47,7,Magusa
80,GAZİMAĞUSA - NAMIK KEMAL MAH,280,118,118,0,162,112,6,38,19,6,0,0,0,0,0,12,33,4,Magusa
81,GAZİMAĞUSA - PERTEVPAŞA MAH,293,145,145,0,148,120,25,57,26,6,1,0,0,0,0,8,16,6,Magusa
82,GAZİMAĞUSA - PERTEVPAŞA MAH,296,133,133,0,163,121,12,60,15,13,0,0,0,0,0,6,8,19,Magusa
83,GAZİMAĞUSA - PERTEVPAŞA MAH,297,141,141,0,156,136,5,72,13,21,0,0,0,0,0,15,10,5,Magusa
84,GAZİMAĞUSA - PERTEVPAŞA MAH,296,136,136,0,160,129,7,71,15,12,0,0,0,0,0,14,11,6,Magusa
85,GAZİMAĞUSA - PİYALE PAŞA MAH,254,137,137,0,117,131,6,83,14,8,0,0,0,0,0,7,10,9,Magusa
86,GAZİMAĞUSA - PİYALE PAŞA MAH,252,120,120,0,132,107,13,60,14,14,2,0,0,0,0,8,5,4,Magusa
87,GAZİMAĞUSA - PİYALE PAŞA MAH,257,139,139,0,118,131,8,64,19,19,0,0,0,0,0,10,15,4,Magusa
88,GAZİMAĞUSA - PİYALE PAŞA MAH,254,110,110,0,144,100,10,54,9,15,6,0,0,0,0,4,10,2,Magusa
89,GAZİMAĞUSA - PİYALE PAŞA MAH,253,136,136,0,117,123,13,62,14,11,0,0,0,0,0,11,19,6,Magusa
90,GAZİMAĞUSA - SAKARYA MAH,296,172,172,0,124,166,6,33,49,1,0,0,0,0,0,10,71,2,Magusa
91,GAZİMAĞUSA - SAKARYA MAH,294,116,116,0,178,114,2,28,20,4,0,0,0,0,0,11,48,3,Magusa
92,GAZİMAĞUSA - SAKARYA MAH,297,137,137,0,160,124,13,32,30,5,0,0,1,0,0,3,48,5,Magusa
93,GAZİMAĞUSA - SAKARYA MAH,295,158,158,0,137,149,9,14,45,0,0,0,0,0,0,1,85,4,Magusa
94,GAZİMAĞUSA - SAKARYA MAH,293,156,156,0,137,152,4,49,37,4,0,0,0,0,0,16,45,1,Magusa
95,GAZİMAĞUSA - SAKARYA MAH,292,107,107,0,185,102,5,28,28,3,0,0,0,0,0,0,40,3,Magusa
96,GAZİMAĞUSA - SAKARYA MAH,296,105,105,0,191,102,3,35,23,0,1,0,0,1,0,10,27,5,Magusa
97,GAZİMAĞUSA - SAKARYA MAH,296,172,172,0,124,171,1,21,52,1,0,0,0,0,0,2,89,6,Magusa
98,GAZİMAĞUSA - SURİÇİ MAH,278,119,119,0,159,117,2,48,19,0,1,0,0,0,0,10,30,9,Magusa
99,GAZİMAĞUSA - SURİÇİ MAH,284,143,143,0,141,136,7,30,40,5,0,0,0,0,0,8,46,7,Magusa
100,GAZİMAĞUSA - SURİÇİ MAH,277,132,132,0,145,124,8,37,25,5,0,0,0,0,0,1,52,4,Magusa
101,GAZİMAĞUSA - SURİÇİ MAH,278,122,122,0,156,115,7,40,25,0,1,0,0,0,0,9,32,8,Magusa
102,GAZİMAĞUSA - SURİÇİ MAH,280,132,132,0,148,129,3,34,45,3,0,0,0,0,0,9,35,3,Magusa
103,GAZİMAĞUSA - TUZLA MAH,291,172,172,0,119,165,7,42,54,1,0,0,0,0,0,9,55,4,Magusa
104,GAZİMAĞUSA - TUZLA MAH,298,184,184,0,114,183,1,36,51,6,0,0,0,0,0,11,72,7,Magusa
105,GAZİMAĞUSA - TUZLA MAH,283,185,185,0,98,181,4,38,52,2,1,1,0,0,0,9,75,3,Magusa
106,GAZİMAĞUSA - TUZLA MAH,286,192,192,0,94,159,33,23,44,1,0,0,0,0,0,10,75,6,Magusa
107,GAZİMAĞUSA - TUZLA MAH,290,114,114,0,176,100,14,27,27,2,0,1,0,0,0,14,27,2,Magusa
108,GAZİMAĞUSA - TUZLA MAH,290,175,175,0,115,169,6,50,42,2,0,1,0,0,0,17,54,3,Magusa
109,GAZİMAĞUSA - TUZLA MAH,291,185,185,0,106,179,6,39,52,0,0,0,0,0,0,9,76,3,Magusa
110,GAZİMAĞUSA - ZAFER MAH,288,135,135,0,153,134,1,80,12,19,1,1,0,0,0,13,7,1,Magusa
111,GAZİMAĞUSA - ZAFER MAH,285,143,143,0,142,133,10,72,15,22,1,0,0,1,0,4,17,1,Magusa
112,GAZİMAĞUSA - ZAFER MAH,286,143,143,0,143,140,3,73,15,25,1,0,0,0,0,9,16,1,Magusa
113,GAZİMAĞUSA - ZAFER MAH,289,125,125,0,164,118,7,71,14,15,0,0,0,0,0,3,13,2,Magusa
114,GAZİMAĞUSA - ZAFER MAH,287,137,137,0,150,135,2,79,9,23,1,0,0,0,0,9,9,5,Magusa
115,GAZİMAĞUSA - ZAFER MAH,283,154,154,0,129,136,18,77,13,25,0,0,0,0,1,9,7,4,Magusa
116,GEÇİTKALE - ÇAMLICA,91,64,64,0,27,58,6,23,16,0,0,0,0,0,0,3,14,2,Magusa
117,GEÇİTKALE - ÇINARLI,198,121,121,0,77,111,10,31,47,0,0,0,0,0,0,12,20,1,Magusa
118,GEÇİTKALE - GEÇİTKALE,276,186,186,0,90,184,2,65,41,2,0,0,0,0,1,13,45,17,Magusa
119,GEÇİTKALE - GEÇİTKALE,272,168,168,0,104,158,10,85,29,2,0,1,0,0,0,10,28,3,Magusa
120,GEÇİTKALE - GEÇİTKALE,277,180,180,0,97,165,15,74,53,1,0,0,0,0,0,5,27,5,Magusa
121,GEÇİTKALE - GEÇİTKALE,277,181,181,0,96,175,6,73,63,0,0,0,0,0,0,6,31,2,Magusa
122,GEÇİTKALE - MALLIDAĞ,167,120,120,0,47,106,14,40,21,0,0,2,0,0,0,6,36,1,Magusa
123,GEÇİTKALE - NERGİSLİ,272,166,166,0,106,161,5,47,74,2,0,0,0,0,0,2,33,3,Magusa
124,GEÇİTKALE - SÜTLÜCE,271,171,171,0,100,160,11,81,40,0,0,0,0,0,1,11,25,2,Magusa
125,GEÇİTKALE - YAMAÇKÖY,69,52,52,0,17,52,0,27,2,12,0,0,0,0,0,7,4,0,Magusa
126,İNÖNÜ - DÖRTYOL,285,140,140,0,145,139,1,59,43,25,0,0,0,1,1,1,5,4,Magusa
127,İNÖNÜ - DÖRTYOL,285,160,160,0,125,150,10,72,27,28,1,0,0,0,0,6,10,6,Magusa
128,İNÖNÜ - DÖRTYOL,286,147,147,0,139,132,15,64,17,25,0,0,0,1,0,12,7,6,Magusa
129,İNÖNÜ - DÖRTYOL,283,155,155,0,128,150,5,66,37,32,1,0,0,0,0,5,2,7,Magusa
130,İNÖNÜ - İNÖNÜ,274,130,130,0,144,120,10,47,29,4,0,0,0,0,0,2,38,0,Magusa
131,İNÖNÜ - İNÖNÜ,274,158,158,0,116,137,21,47,44,1,0,0,0,0,0,9,35,1,Magusa
132,İNÖNÜ - İNÖNÜ,273,137,137,0,136,129,8,55,42,1,0,0,0,0,0,3,25,3,Magusa
133,İNÖNÜ - KORKUTELİ,315,200,200,0,115,166,34,101,7,35,1,1,0,0,0,12,1,8,Magusa
134,İNÖNÜ - KORKUTELİ,317,209,209,0,108,167,42,83,16,31,1,0,4,0,0,16,6,10,Magusa
135,PAŞAKÖY - ASLANKÖY,325,206,206,0,119,201,5,61,53,1,0,0,0,0,0,17,52,17,Magusa
136,PAŞAKÖY - KURUDERE,247,166,166,0,81,164,2,95,13,28,0,2,0,0,1,5,5,15,Magusa
137,PAŞAKÖY - PAŞAKÖY,262,165,165,0,97,150,15,57,45,17,0,1,0,0,0,13,17,0,Magusa
138,PAŞAKÖY - PAŞAKÖY,269,143,143,0,126,130,13,57,26,10,0,1,0,0,0,4,26,6,Magusa
139,PAŞAKÖY - PAŞAKÖY,266,164,164,0,102,149,15,70,32,13,0,0,0,0,0,9,19,6,Magusa
140,PAŞAKÖY - PAŞAKÖY,266,129,129,0,137,123,6,69,33,9,0,0,0,0,0,0,8,4,Magusa
141,PAŞAKÖY - ULUKIŞLA,245,128,128,0,117,123,5,67,18,12,2,0,0,0,0,11,7,6,Magusa
142,PAŞAKÖY - ULUKIŞLA,246,144,144,0,102,143,1,78,13,37,0,0,0,0,0,9,0,6,Magusa
143,SERDARLI - ERGENEKON,93,65,65,0,28,60,5,36,10,0,0,0,0,0,0,0,13,1,Magusa
144,SERDARLI - GÖNENDERE,334,208,208,0,126,203,5,57,39,1,0,0,1,0,0,5,94,6,Magusa
145,SERDARLI - GÖRNEÇ,216,149,149,0,67,135,14,43,28,1,1,1,0,1,0,6,51,3,Magusa
146,SERDARLI - GÖRNEÇ,215,162,162,0,53,151,11,56,50,0,1,2,0,0,0,3,31,8,Magusa
147,SERDARLI - PINARLI,175,122,122,0,53,122,0,76,4,10,0,1,0,0,0,2,28,1,Magusa
148,SERDARLI - SERDARLI,260,164,164,0,96,147,17,32,48,3,0,1,1,0,0,5,53,4,Magusa
149,SERDARLI - SERDARLI,258,147,147,0,111,144,3,68,41,1,1,0,0,0,0,0,28,5,Magusa
150,SERDARLI - SERDARLI,258,168,168,0,90,163,5,53,56,0,0,0,1,0,0,2,51,0,Magusa
151,SERDARLI - SERDARLI,256,147,147,0,109,134,13,43,43,1,0,1,0,0,1,4,36,5,Magusa
152,SERDARLI - TİRMEN,163,82,82,0,81,82,0,62,4,1,0,0,0,0,0,9,6,0,Magusa
153,TATLISU - AKTUNÇ MAH,322,182,182,0,140,168,14,58,18,19,3,0,0,0,3,21,11,35,Magusa
154,TATLISU - AKTUNÇ MAH,324,158,158,0,166,138,20,43,15,36,2,0,1,1,0,8,9,23,Magusa
155,TATLISU - KÜÇÜK ERENKÖY MAH,140,91,91,0,49,82,9,33,9,15,0,0,0,0,0,10,8,7,Magusa
156,TATLISU - YALI MAH,243,136,136,0,107,128,8,55,23,16,0,0,0,0,0,4,13,17,Magusa
157,VADİLİ - TURUNÇLU,208,144,144,0,64,142,2,58,33,1,0,0,0,0,0,9,22,19,Magusa
158,VADİLİ - VADİLİ,307,222,222,0,85,220,2,107,48,20,0,0,0,0,0,7,33,5,Magusa
159,VADİLİ - VADİLİ,308,174,174,0,134,167,7,85,27,22,0,0,0,0,0,11,19,3,Magusa
160,VADİLİ - VADİLİ,308,171,171,0,137,166,5,76,24,38,0,0,0,0,0,2,20,6,Magusa
161,VADİLİ - VADİLİ,308,212,212,0,96,198,14,118,25,12,1,0,0,0,0,10,16,16,Magusa
162,VADİLİ - VADİLİ,308,212,212,0,96,207,5,89,40,2,0,0,0,0,0,16,52,8,Magusa
163,VADİLİ - VADİLİ,305,196,196,0,109,193,3,103,19,28,1,0,0,1,0,9,30,2,Magusa
164,YENİ BOĞAZİÇİ - AKOVA,299,193,193,0,106,186,7,88,46,15,0,1,1,1,0,6,26,2,Magusa
165,YENİ BOĞAZİÇİ - AKOVA,292,192,192,0,100,185,7,72,31,10,0,0,0,0,0,7,65,0,Magusa
166,YENİ BOĞAZİÇİ - ALANİÇİ,256,152,152,0,104,135,17,65,19,13,1,0,0,0,1,13,22,1,Magusa
167,YENİ BOĞAZİÇİ - ALANİÇİ,251,163,163,0,88,151,12,74,26,8,0,0,0,0,0,7,33,3,Magusa
168,YENİ BOĞAZİÇİ - ALANİÇİ,252,155,155,0,97,144,11,57,25,20,0,0,0,1,0,12,29,0,Magusa
169,YENİ BOĞAZİÇİ - MORMENEKŞE MAH,265,149,149,0,116,146,3,55,20,34,1,1,0,0,0,17,18,0,Magusa
170,YENİ BOĞAZİÇİ - MORMENEKŞE MAH,266,158,158,0,108,146,12,50,23,7,0,0,0,0,0,18,46,2,Magusa
171,YENİ BOĞAZİÇİ - MORMENEKŞE MAH,266,154,154,0,112,141,13,56,13,10,0,0,0,0,0,27,24,11,Magusa
172,YENİ BOĞAZİÇİ - MORMENEKŞE MAH,265,163,163,0,102,158,5,48,33,13,0,2,0,0,0,27,32,3,Magusa
173,YENİ BOĞAZİÇİ - ŞEHİTLER,110,57,57,0,53,55,2,24,10,4,0,0,0,0,0,7,6,4,Magusa
174,YENİ BOĞAZİÇİ - YENİ BOĞAZİÇİ,286,167,167,0,119,156,11,39,44,1,0,0,0,0,0,14,51,7,Magusa
175,YENİ BOĞAZİÇİ - YENİ BOĞAZİÇİ,288,186,186,0,102,172,14,34,57,1,0,1,0,0,0,7,68,4,Magusa
176,YENİ BOĞAZİÇİ - YENİ BOĞAZİÇİ,282,167,167,0,115,162,5,32,38,0,3,0,0,0,0,11,75,3,Magusa
177,YENİ BOĞAZİÇİ - YENİ BOĞAZİÇİ,282,107,107,0,175,107,0,33,24,6,0,0,0,0,0,10,27,7,Magusa
178,YENİ BOĞAZİÇİ - YENİ BOĞAZİÇİ,288,156,156,0,132,155,1,62,44,9,0,1,0,0,0,8,31,0,Magusa
179,YENİ BOĞAZİÇİ - YENİ BOĞAZİÇİ,283,158,158,0,125,152,6,36,61,6,0,0,0,0,0,7,38,4,Magusa
180,YENİ BOĞAZİÇİ - YENİ BOĞAZİÇİ,283,141,141,0,142,133,8,53,26,6,0,1,0,0,0,8,39,0,Magusa
181,YENİ BOĞAZİÇİ - YENİ BOĞAZİÇİ,285,161,161,0,124,158,3,69,35,11,0,0,0,1,0,8,33,1,Magusa
182,YENİ BOĞAZİÇİ - YENİ BOĞAZİÇİ,304,182,182,0,122,179,3,58,49,3,0,0,0,0,0,20,46,3,Magusa
183,YENİ BOĞAZİÇİ - YENİ BOĞAZİÇİ,284,156,156,0,128,156,0,38,38,8,1,0,0,0,1,11,55,4,Magusa
184,YENİ BOĞAZİÇİ - YILDIRIM,250,178,178,0,72,176,2,71,36,0,1,0,0,0,0,10,56,2,Magusa
185,YENİ BOĞAZİÇİ - YILDIRIM,248,161,161,0,87,155,6,40,46,5,0,0,0,1,0,4,55,4,Magusa
1,ALSANCAK - CAĞLAYAN MAH,220,129,129,0,91,129,0,34,22,13,0,0,0,0,0,12,40,8,Girne
2,ALSANCAK - CAĞLAYAN MAH,218,99,99,0,119,97,2,19,13,8,3,0,0,0,0,3,49,2,Girne
3,ALSANCAK - ILGAZ,38,20,20,0,18,20,0,5,6,1,0,0,0,0,0,4,4,0,Girne
4,ALSANCAK - MALATYA/İNCESU,153,114,114,0,39,112,2,23,22,7,0,0,0,0,1,1,45,13,Girne
5,ALSANCAK - YAYLA MAH,288,162,162,0,126,154,8,33,48,4,0,0,0,0,0,6,58,5,Girne
6,ALSANCAK - YAYLA MAH,287,165,165,0,122,162,3,44,25,2,0,1,0,0,0,23,57,10,Girne
7,ALSANCAK - YAYLA MAH,286,151,151,0,135,150,1,31,42,15,0,0,0,0,0,10,49,3,Girne
8,ALSANCAK - YAYLA MAH,285,145,145,0,140,144,1,47,39,11,0,1,0,0,1,7,30,8,Girne
9,ALSANCAK - YAYLA MAH,290,155,155,0,135,154,1,58,22,13,0,0,0,1,0,5,54,1,Girne
10,ALSANCAK - YAYLA MAH,287,153,153,0,134,150,3,27,20,14,1,2,1,1,0,12,67,5,Girne
11,ALSANCAK - YAYLA MAH,289,184,184,0,105,174,10,53,36,10,1,2,0,0,0,15,53,4,Girne
12,ALSANCAK - YAYLA MAH,288,159,159,0,129,143,16,30,26,8,1,0,1,0,0,11,60,6,Girne
13,ALSANCAK - YAYLA MAH,291,156,156,0,135,155,1,34,36,13,0,0,0,0,1,13,54,4,Girne
14,ALSANCAK - YAYLA MAH,295,156,156,0,139,152,4,38,33,9,0,1,0,0,0,18,45,8,Girne
15,ALSANCAK - YEŞİLOVA MAH,264,170,170,0,94,169,1,55,30,13,0,0,0,1,0,6,57,7,Girne
16,ALSANCAK - YEŞİLOVA MAH,265,164,164,0,101,154,10,41,43,8,1,0,0,0,0,0,58,3,Girne
17,ALSANCAK - YEŞİLTEPE,263,144,144,0,119,142,2,31,33,16,2,0,0,0,0,22,34,4,Girne
18,ÇATALKÖY - ARAPKÖY,359,200,200,0,159,187,13,58,32,31,0,0,0,0,2,23,38,3,Girne
19,ÇATALKÖY - ÇATALKÖY,303,176,176,0,127,158,18,56,17,7,0,0,0,0,0,15,57,6,Girne
20,ÇATALKÖY - ÇATALKÖY,308,143,143,0,165,132,11,38,29,4,0,0,0,0,1,9,42,9,Girne
21,ÇATALKÖY - ÇATALKÖY,299,184,184,0,115,182,2,52,44,8,1,0,0,0,0,6,64,7,Girne
22,ÇATALKÖY - ÇATALKÖY,304,195,195,0,109,180,15,66,46,20,0,0,0,0,0,6,37,5,Girne
23,ÇATALKÖY - ÇATALKÖY,303,164,164,0,139,151,13,50,46,2,0,0,0,0,0,11,37,5,Girne
24,ÇATALKÖY - ÇATALKÖY,301,174,174,0,127,170,4,52,48,15,1,0,0,0,0,10,37,7,Girne
25,ÇATALKÖY - ÇATALKÖY,302,163,163,0,139,161,2,42,42,1,0,0,0,0,3,7,62,4,Girne
26,ÇATALKÖY - ÇATALKÖY,304,184,184,0,120,184,0,60,49,10,1,0,0,0,3,13,43,5,Girne
27,ÇATALKÖY - ÇATALKÖY,310,172,172,0,138,169,3,35,21,22,0,0,0,0,4,10,68,9,Girne
28,ÇATALKÖY - ÇATALKÖY,302,166,166,0,136,152,14,42,45,7,0,0,1,0,0,10,43,4,Girne
29,ÇATALKÖY - ÇATALKÖY,309,163,163,0,146,152,11,48,35,8,0,0,0,0,1,13,45,2,Girne
30,DİKMEN - AĞIRDAĞ,285,186,186,0,99,173,13,47,62,2,0,0,0,0,0,5,55,2,Girne
31,DİKMEN - AĞIRDAĞ,267,163,163,0,104,154,9,40,41,4,0,0,0,0,0,9,59,1,Girne
32,DİKMEN - AĞIRDAĞ,268,178,178,0,90,176,2,47,64,4,0,0,0,0,0,8,50,3,Girne
33,DİKMEN - AKÇİÇEK,77,52,52,0,25,50,2,9,25,0,0,0,0,0,0,2,7,7,Girne
34,DİKMEN - AŞ.DİKMEN MAH,299,187,187,0,112,185,2,75,44,20,1,0,0,0,0,6,36,3,Girne
35,DİKMEN - AŞ.DİKMEN MAH,298,206,206,0,92,202,4,55,73,4,0,1,0,0,1,10,51,7,Girne
36,DİKMEN - AŞ.DİKMEN MAH,295,187,187,0,108,179,8,57,57,6,2,0,0,0,0,8,42,7,Girne
37,DİKMEN - AŞ.DİKMEN MAH,298,179,179,0,133,174,5,47,49,2,0,1,0,0,0,9,60,6,Girne
38,DİKMEN - AŞ.DİKMEN MAH,299,188,188,0,111,186,2,53,62,11,0,0,0,0,0,6,50,4,Girne
39,DİKMEN - AŞ.DİKMEN MAH,298,217,217,0,81,207,10,52,86,1,5,0,0,0,0,4,50,9,Girne
40,DİKMEN - AŞ.TAŞKENT,238,179,179,0,59,175,4,48,69,0,2,2,0,0,0,8,43,3,Girne
41,DİKMEN - BOĞAZKÖY,267,203,203,0,64,198,5,50,47,2,0,0,0,0,0,15,78,6,Girne
42,DİKMEN - BOĞAZKÖY,290,203,203,0,87,190,13,47,64,2,0,0,0,1,1,6,62,7,Girne
43,DİKMEN - BOĞAZKÖY,285,162,162,0,123,159,3,30,41,5,0,1,1,0,0,6,69,6,Girne
44,DİKMEN - BOĞAZKÖY,246,194,194,0,52,186,8,43,48,5,0,0,0,1,0,8,79,2,Girne
45,DİKMEN - BOĞAZKÖY,281,178,178,0,103,177,1,54,52,0,0,2,0,0,0,12,55,2,Girne
46,DİKMEN - DAĞYOLU,241,142,142,0,99,138,4,47,33,1,0,1,0,0,1,6,48,1,Girne
47,DİKMEN - DAĞYOLU,238,139,139,0,99,137,2,44,42,0,0,6,0,0,0,8,34,3,Girne
48,DİKMEN - GÖÇERİ,136,103,103,0,33,103,0,43,49,2,0,1,0,0,0,3,5,0,Girne
49,DİKMEN - GÜNGÖR,17,19,19,0,0,19,0,9,3,1,0,1,0,0,0,1,0,4,Girne
50,DİKMEN - KÖMÜRCÜ,55,44,44,0,11,44,0,5,20,0,0,0,0,0,0,3,12,4,Girne
51,DİKMEN - PINARBAŞI,184,149,149,0,50,137,12,45,41,2,0,0,0,0,0,6,32,11,Girne
52,DİKMEN - PINARBAŞI,187,141,141,0,46,128,13,41,29,6,3,0,0,0,0,1,24,24,Girne
53,DİKMEN - ŞİRİNEVLER,283,221,221,0,62,219,2,88,75,0,0,1,0,0,1,5,43,6,Girne
54,DİKMEN - Y.DİKMEN MAH,310,176,176,0,134,169,7,57,52,4,0,0,0,0,0,14,39,3,Girne
55,DİKMEN - Y.DİKMEN MAH,309,182,182,0,127,164,18,55,52,6,0,0,0,0,0,3,44,4,Girne
56,DİKMEN - Y.TAŞKENT,306,212,212,0,94,202,10,56,70,1,0,0,0,0,0,12,61,2,Girne
57,DİKMEN - YENİ MAH,209,126,126,0,83,124,2,35,41,7,0,1,1,0,0,4,35,0,Girne
58,DİKMEN - YENİ MAH,217,126,126,0,91,122,4,46,29,16,1,0,0,0,0,5,19,6,Girne
59,ESENTEPE - BAHÇELİ,198,104,104,0,94,100,4,33,16,40,0,0,0,0,0,9,1,1,Girne
60,ESENTEPE - BAHÇELİ,200,137,137,0,63,134,3,48,9,61,0,0,0,0,0,12,3,1,Girne
61,ESENTEPE - BEŞPARMAK,41,37,37,0,4,35,2,18,5,0,0,0,0,0,0,3,3,6,Girne
62,ESENTEPE - ESENTEPE,279,186,186,0,93,177,9,30,51,28,0,0,0,1,0,22,40,5,Girne
63,ESENTEPE - ESENTEPE,279,156,156,0,123,155,1,47,49,20,0,1,0,0,0,10,23,5,Girne
64,ESENTEPE - ESENTEPE,279,172,172,0,107,170,2,52,32,36,1,0,0,1,1,15,29,3,Girne
65,ESENTEPE - ESENTEPE,279,186,186,0,93,182,4,28,58,38,0,1,1,1,0,10,36,9,Girne
66,ESENTEPE - ESENTEPE,280,162,162,0,118,159,3,47,37,20,2,0,1,0,0,17,27,8,Girne
67,ESENTEPE - KARAAĞAÇ,236,177,177,0,59,167,10,60,43,0,1,0,0,0,0,8,50,5,Girne
68,GİRNE - AŞ.GİRNE MAH,289,118,118,0,171,108,10,29,21,11,0,0,0,0,0,11,31,5,Girne
69,GİRNE - AŞ.GİRNE MAH,290,132,132,0,158,131,1,51,20,19,4,0,0,0,0,5,28,4,Girne
70,GİRNE - AŞ.GİRNE MAH,285,129,129,0,156,121,8,41,21,17,0,0,0,0,0,8,32,2,Girne
71,GİRNE - AŞ.GİRNE MAH,290,144,144,0,146,142,2,37,31,8,0,0,0,0,0,10,47,9,Girne
72,GİRNE - AŞ.GİRNE MAH,289,122,122,0,167,112,10,33,20,4,1,0,0,0,0,7,44,3,Girne
73,GİRNE - AŞ.GİRNE MAH,288,134,134,0,154,125,9,20,31,17,1,0,0,0,0,7,43,6,Girne
74,GİRNE - AŞ.GİRNE MAH,287,123,123,0,164,108,15,33,21,3,0,0,0,0,0,5,45,1,Girne
75,GİRNE - BEYLERBEYİ,248,120,120,0,128,118,2,34,29,4,0,0,0,0,1,10,38,2,Girne
76,GİRNE - BEYLERBEYİ,251,166,166,0,85,166,0,41,32,1,0,0,0,0,3,19,68,2,Girne
77,GİRNE - BEYLERBEYİ,251,142,142,0,109,139,3,36,29,1,1,0,0,0,1,13,52,6,Girne
78,GİRNE - DOĞANKÖY MAH,300,204,204,0,96,198,6,39,37,16,0,0,0,0,0,14,84,8,Girne
79,GİRNE - DOĞANKÖY MAH,304,212,212,0,92,207,5,43,51,48,0,0,0,0,1,10,43,11,Girne
80,GİRNE - EDREMİT MAH,304,166,166,0,138,165,1,55,40,2,3,0,0,0,0,14,47,4,Girne
81,GİRNE - EDREMİT MAH,293,145,145,0,148,142,3,41,24,1,1,1,0,0,3,23,45,3,Girne
82,GİRNE - KARAKUM MAH,271,143,143,0,128,141,2,40,24,5,0,2,0,0,2,8,58,2,Girne
83,GİRNE - KARAMAN MAH,391,234,234,0,157,229,5,48,43,4,0,1,0,0,0,12,109,12,Girne
84,GİRNE - KARAOĞLANOĞLU MAH,309,161,161,0,148,159,2,52,22,2,0,0,0,1,1,23,54,4,Girne
85,GİRNE - KARAOĞLANOĞLU MAH,307,163,163,0,144,155,8,42,19,4,0,0,0,0,0,5,77,8,Girne
86,GİRNE - KARAOĞLANOĞLU MAH,310,165,165,0,145,160,5,37,21,7,0,1,0,0,1,9,76,8,Girne
87,GİRNE - KARAOĞLANOĞLU MAH,312,162,162,0,150,160,2,51,30,3,0,1,0,0,0,18,52,5,Girne
88,GİRNE - KARAOĞLANOĞLU MAH,313,165,165,0,148,157,8,50,35,3,0,0,0,0,4,6,52,7,Girne
89,GİRNE - KARAOĞLANOĞLU MAH,309,161,161,0,148,157,4,49,36,3,0,0,0,0,0,17,48,4,Girne
90,GİRNE - OZANKÖY,293,187,187,0,106,185,2,58,45,11,0,0,0,0,1,10,56,4,Girne
91,GİRNE - OZANKÖY,290,192,192,0,98,184,8,50,46,6,0,0,0,0,0,17,63,2,Girne
92,GİRNE - OZANKÖY,286,166,166,0,120,163,3,52,39,3,0,0,0,0,0,8,59,2,Girne
93,GİRNE - OZANKÖY,291,187,187,0,104,183,4,61,45,12,0,1,0,0,0,9,50,5,Girne
94,GİRNE - OZANKÖY,287,116,116,0,171,111,5,37,25,5,0,0,0,0,3,5,35,1,Girne
95,GİRNE - OZANKÖY,287,167,167,0,120,166,1,68,32,17,0,0,0,0,0,6,37,6,Girne
96,GİRNE - OZANKÖY,293,170,170,0,123,170,0,48,47,1,0,1,1,0,0,9,57,6,Girne
97,GİRNE - YUKARI GİRNE MAH,293,148,148,0,145,140,8,33,34,10,0,1,0,0,0,11,40,11,Girne
98,GİRNE - YUKARI GİRNE MAH,294,154,154,0,140,151,3,52,25,21,2,0,0,0,0,15,22,14,Girne
99,GİRNE - YUKARI GİRNE MAH,292,147,147,0,145,145,2,44,20,24,1,0,0,0,0,14,28,14,Girne
100,GİRNE - YUKARI GİRNE MAH,291,141,141,0,150,140,1,55,22,12,0,0,0,1,0,11,34,5,Girne
101,GİRNE - YUKARI GİRNE MAH,294,156,156,0,138,155,1,36,36,14,0,0,0,0,0,14,52,3,Girne
102,GİRNE - YUKARI GİRNE MAH,298,146,146,0,152,141,5,37,42,21,0,0,1,0,1,10,26,3,Girne
103,GİRNE - YUKARI GİRNE MAH,292,145,145,0,147,145,0,48,29,12,1,0,0,0,0,15,37,3,Girne
104,GİRNE - YUKARI GİRNE MAH,295,163,163,0,132,147,16,41,28,17,1,1,0,0,1,22,32,4,Girne
105,GİRNE - YUKARI GİRNE MAH,294,141,141,0,153,140,1,29,40,18,0,1,0,0,0,11,38,3,Girne
106,GİRNE - YUKARI GİRNE MAH,290,126,126,0,164,125,1,23,31,12,0,1,0,0,0,9,46,3,Girne
107,GİRNE - YUKARI GİRNE MAH,293,137,137,0,156,127,10,31,27,8,0,0,0,1,0,8,45,7,Girne
108,GİRNE - YUKARI GİRNE MAH,294,164,164,0,130,155,9,37,26,8,0,0,0,0,0,14,66,4,Girne
109,GİRNE - YUKARI GİRNE MAH,294,143,143,0,151,127,16,29,34,9,0,0,0,0,0,8,46,1,Girne
110,GİRNE - YUKARI GİRNE MAH,289,146,146,0,143,139,7,31,30,3,0,0,0,0,0,5,61,9,Girne
111,GİRNE - YUKARI GİRNE MAH,286,141,141,0,145,133,8,40,15,13,1,1,0,0,0,7,53,3,Girne
112,GİRNE - YUKARI GİRNE MAH,288,162,162,0,126,147,15,42,31,9,0,1,0,0,0,15,46,3,Girne
113,GİRNE - YUKARI GİRNE MAH,286,161,161,0,125,146,15,29,34,10,0,0,0,1,0,5,65,2,Girne
114,GİRNE - YUKARI GİRNE MAH,288,137,137,0,151,135,2,18,40,4,2,1,0,0,1,8,59,2,Girne
115,GİRNE - YUKARI GİRNE MAH,289,141,141,0,148,134,7,45,22,11,0,0,0,0,1,5,40,10,Girne
116,GİRNE - YUKARI GİRNE MAH,286,185,185,0,101,165,20,29,36,13,0,0,0,0,1,3,77,6,Girne
117,GİRNE - YUKARI GİRNE MAH,287,159,159,0,128,132,27,42,31,9,0,0,0,0,0,16,25,9,Girne
118,GİRNE - YUKARI GİRNE MAH,288,147,147,0,141,134,13,40,23,8,1,0,0,0,1,7,46,8,Girne
119,GİRNE - YUKARI GİRNE MAH,288,167,167,0,121,161,6,33,25,24,0,0,0,0,0,12,61,6,Girne
120,GİRNE - YUKARI GİRNE MAH,287,155,155,0,132,148,7,42,16,7,1,2,0,0,0,12,60,8,Girne
121,GİRNE - YUKARI GİRNE MAH,287,152,152,0,135,142,10,48,26,3,0,0,0,0,1,4,57,3,Girne
122,GİRNE - YUKARI GİRNE MAH,287,141,141,0,146,139,2,54,17,10,1,1,0,0,1,13,39,3,Girne
123,GİRNE - YUKARI GİRNE MAH,290,142,142,0,148,123,19,37,26,10,1,0,0,0,0,9,37,3,Girne
124,GİRNE - YUKARI GİRNE MAH,286,147,147,0,139,134,13,39,31,11,0,0,0,0,0,9,37,7,Girne
125,GİRNE - YUKARI GİRNE MAH,286,150,150,0,136,142,8,40,31,13,2,0,1,0,0,5,45,5,Girne
126,GİRNE - YUKARI GİRNE MAH,290,151,151,0,139,147,4,46,31,29,0,0,0,1,0,13,25,2,Girne
127,GİRNE - YUKARI GİRNE MAH,289,153,153,0,136,151,2,35,45,12,4,0,0,0,1,4,42,8,Girne
128,GİRNE - ZEYTİNLİK KESİMİ MAH,245,147,147,0,98,147,0,47,24,2,1,0,1,0,0,4,56,12,Girne
129,GİRNE - ZEYTİNLİK KÖY MAH,213,135,135,0,78,133,2,27,38,2,0,1,0,0,0,11,52,2,Girne
130,GİRNE - ZEYTİNLİK KÖY MAH,214,117,117,0,97,109,8,25,20,6,1,0,1,0,0,12,41,3,Girne
131,LAPTA - ADATEPE MAH,271,135,135,0,136,134,1,41,29,8,1,0,0,0,0,8,44,3,Girne
132,LAPTA - AKDENİZ,216,105,105,0,111,100,5,23,31,0,1,1,0,0,0,5,28,11,Girne
133,LAPTA - AKDENİZ,213,108,108,0,105,108,0,14,38,2,1,0,0,0,0,5,45,3,Girne
134,LAPTA - ALEMDAĞ,67,56,56,0,11,54,2,23,14,1,1,1,0,0,0,2,12,0,Girne
135,LAPTA - BAŞPINAR MAH,185,87,87,0,98,80,7,20,16,36,2,0,0,0,0,2,3,1,Girne
136,LAPTA - BAŞPINAR MAH,186,82,82,0,104,81,1,21,7,36,0,0,0,0,0,2,14,1,Girne
137,LAPTA - ÇAMLIBEL,291,169,169,0,122,158,11,54,37,3,0,2,0,0,0,8,51,3,Girne
138,LAPTA - ÇAMLIBEL,289,175,175,0,114,166,9,40,43,4,1,0,1,0,0,10,64,3,Girne
139,LAPTA - GEÇİTKÖY,107,89,89,0,18,81,8,52,13,6,0,0,0,0,0,0,6,4,Girne
140,LAPTA - HİSARKÖY,173,123,123,0,50,117,6,16,43,1,0,0,0,0,0,0,55,2,Girne
141,LAPTA - KARŞIYAKA,258,133,133,0,125,129,4,55,17,26,1,0,0,0,0,1,23,6,Girne
142,LAPTA - KARŞIYAKA,259,137,137,0,122,133,4,38,23,35,0,0,1,0,0,11,22,3,Girne
143,LAPTA - KARŞIYAKA,256,138,138,0,118,125,13,37,37,13,0,0,0,0,0,4,29,5,Girne
144,LAPTA - KARŞIYAKA,258,166,166,0,92,157,9,35,55,16,0,0,0,0,0,4,43,4,Girne
145,LAPTA - KARŞIYAKA,251,139,139,0,112,128,11,24,29,45,0,0,0,0,0,4,22,4,Girne
146,LAPTA - KAYALAR,166,131,131,0,35,123,8,61,5,37,0,0,0,0,0,14,2,4,Girne
147,LAPTA - KOCATEPE MAH,262,141,141,0,121,134,7,50,23,16,0,0,0,0,0,4,39,2,Girne
148,LAPTA - KOCATEPE MAH,263,142,142,0,121,127,15,21,31,16,2,0,1,0,0,6,48,2,Girne
149,LAPTA - KOCATEPE MAH,260,148,148,0,112,147,1,46,25,26,0,0,0,0,1,11,38,0,Girne
150,LAPTA - KOCATEPE MAH,260,146,146,0,114,143,3,36,37,11,0,1,0,0,0,12,44,2,Girne
151,LAPTA - KOZAN,310,210,210,0,100,204,6,99,37,3,0,4,0,1,0,5,43,12,Girne
152,LAPTA - SADRAZAMKÖY,159,109,109,0,50,109,0,39,5,51,1,1,0,0,0,10,2,0,Girne
153,LAPTA - SAKARYA MAH LAPTA,115,69,69,0,46,69,0,15,11,7,0,1,0,0,0,13,20,2,Girne
154,LAPTA - TEPEBAŞI,299,193,193,0,106,183,10,42,60,39,0,0,0,0,0,0,34,8,Girne
155,LAPTA - TEPEBAŞI,299,196,196,0,103,190,6,85,36,22,0,0,1,0,0,3,31,12,Girne
156,LAPTA - TINAZTEPE MAH,274,158,158,0,116,154,4,32,41,20,1,0,0,0,0,6,52,2,Girne
157,LAPTA - TINAZTEPE MAH,277,137,137,0,140,136,1,47,26,7,0,0,0,0,0,8,44,4,Girne
158,LAPTA - TINAZTEPE MAH,274,162,162,0,112,141,21,44,37,5,0,1,0,0,1,6,41,6,Girne
159,LAPTA - TINAZTEPE MAH,275,161,161,0,114,157,4,63,25,11,1,0,0,0,1,4,44,8,Girne
160,LAPTA - TINAZTEPE MAH,273,153,153,0,120,149,4,49,32,14,0,0,0,1,0,2,44,7,Girne
161,LAPTA - TÜRK MAH,212,115,115,0,97,106,9,34,28,7,0,1,0,0,0,4,29,3,Girne
162,LAPTA - YAVUZ MAH,206,98,98,0,108,96,2,18,26,13,0,1,0,0,1,3,31,3,Girne
163,LAPTA - YAVUZ MAH,206,115,115,0,91,115,0,33,35,9,0,1,0,0,1,4,29,3,Girne
1,GÜZELYURT - AKÇAY,308,187,187,0,121,181,6,30,60,1,0,2,0,1,0,8,56,23,Gyurt
2,GÜZELYURT - AKÇAY,308,217,217,0,91,187,30,44,54,3,0,2,0,0,0,5,56,23,Gyurt
3,GÜZELYURT - AKÇAY,312,213,213,0,99,204,9,67,55,0,2,1,0,0,0,6,59,14,Gyurt
4,GÜZELYURT - AŞ.BOSTANCI MAH,266,163,163,0,103,160,3,47,49,10,0,0,0,1,0,5,42,6,Gyurt
5,GÜZELYURT - AŞ.BOSTANCI MAH,273,162,162,0,111,152,10,35,36,4,0,0,1,0,0,6,60,10,Gyurt
6,GÜZELYURT - AŞ.BOSTANCI MAH,273,150,150,0,123,145,5,29,42,3,4,0,0,0,0,5,57,5,Gyurt
7,GÜZELYURT - AŞ.BOSTANCI MAH,274,176,176,0,98,170,6,59,34,4,2,1,1,1,2,2,56,8,Gyurt
8,GÜZELYURT - AŞ.BOSTANCI MAH,266,152,152,0,114,148,4,46,38,3,1,0,0,0,0,5,50,5,Gyurt
9,GÜZELYURT - AŞ.BOSTANCI MAH,281,158,158,0,123,153,5,29,37,9,2,0,0,0,0,10,52,14,Gyurt
10,GÜZELYURT - AYDINKÖY,315,168,168,0,147,164,4,45,35,22,0,0,0,0,0,14,45,3,Gyurt
11,GÜZELYURT - AYDINKÖY,318,195,195,0,123,186,9,71,27,23,0,3,0,0,0,10,47,5,Gyurt
12,GÜZELYURT - AYDINKÖY,314,190,190,0,124,175,15,59,21,24,1,0,0,0,0,2,65,3,Gyurt
13,GÜZELYURT - GAYRETKÖY,324,209,209,0,115,204,5,81,31,25,1,0,0,0,0,25,9,32,Gyurt
14,GÜZELYURT - GÜNEŞKÖY MAH,317,195,195,0,122,184,11,51,24,22,0,1,0,0,0,15,62,9,Gyurt
15,GÜZELYURT - İSMET PAŞA MAH,295,158,158,0,137,156,2,54,29,2,0,0,0,0,1,8,53,9,Gyurt
16,GÜZELYURT - İSMET PAŞA MAH,294,180,180,0,114,169,11,74,28,5,0,0,1,0,0,9,46,6,Gyurt
17,GÜZELYURT - İSMET PAŞA MAH,299,169,169,0,130,165,4,76,24,5,0,0,0,0,1,7,39,13,Gyurt
18,GÜZELYURT - İSMET PAŞA MAH,295,150,150,0,145,144,6,66,22,4,2,0,0,0,1,7,34,8,Gyurt
19,GÜZELYURT - İSMET PAŞA MAH,303,185,185,0,118,168,17,39,31,4,0,0,0,0,0,17,64,13,Gyurt
20,GÜZELYURT - İSMET PAŞA MAH,314,193,193,0,121,188,5,26,35,2,2,0,0,0,0,17,96,10,Gyurt
21,GÜZELYURT - İSMET PAŞA MAH,306,189,189,0,117,189,0,53,34,7,0,0,0,0,0,15,71,9,Gyurt
22,GÜZELYURT - İSMET PAŞA MAH,310,186,186,0,124,178,8,71,19,2,1,0,0,0,0,16,50,19,Gyurt
23,GÜZELYURT - KALKANLI,348,207,207,0,141,203,4,52,49,4,0,0,0,0,0,14,78,6,Gyurt
24,GÜZELYURT - KALKANLI,344,236,236,0,108,228,8,47,68,3,0,1,1,0,0,13,83,12,Gyurt
25,GÜZELYURT - LALA M.PAŞA MAH GÜZ,286,161,161,0,125,156,5,40,28,4,2,0,0,0,1,4,62,15,Gyurt
26,GÜZELYURT - LALA M.PAŞA MAH GÜZ,280,147,147,0,133,134,13,40,20,2,2,0,0,0,0,8,51,11,Gyurt
27,GÜZELYURT - LALA M.PAŞA MAH GÜZ,290,164,164,0,126,155,9,46,35,9,3,0,0,0,1,5,49,7,Gyurt
28,GÜZELYURT - MEVLEVİ,237,159,159,0,78,153,6,58,14,26,1,2,0,0,2,9,31,10,Gyurt
29,GÜZELYURT - PİYALE PAŞA MAH GÜZ,280,148,148,0,132,143,5,53,19,7,0,0,0,1,0,11,51,1,Gyurt
30,GÜZELYURT - PİYALE PAŞA MAH GÜZ,282,171,171,0,111,163,8,75,33,2,0,0,0,0,0,5,47,1,Gyurt
31,GÜZELYURT - PİYALE PAŞA MAH GÜZ,271,152,152,0,119,143,9,47,21,10,0,2,0,0,1,5,46,11,Gyurt
32,GÜZELYURT - PİYALE PAŞA MAH GÜZ,280,158,158,0,122,154,4,51,18,0,0,0,0,0,0,13,61,11,Gyurt
33,GÜZELYURT - PİYALE PAŞA MAH GÜZ,291,152,152,0,139,151,1,43,26,3,0,0,0,0,0,7,47,25,Gyurt
34,GÜZELYURT - PİYALE PAŞA MAH GÜZ,277,188,188,0,89,187,1,43,57,5,0,0,0,0,0,5,72,5,Gyurt
35,GÜZELYURT - PİYALE PAŞA MAH GÜZ,284,174,174,0,110,172,2,32,31,6,4,0,0,0,0,13,71,15,Gyurt
36,GÜZELYURT - PİYALE PAŞA MAH GÜZ,282,148,148,0,134,143,5,37,42,6,0,0,0,0,0,18,31,9,Gyurt
37,GÜZELYURT - PİYALE PAŞA MAH GÜZ,289,166,166,0,123,160,6,58,30,8,0,0,0,0,0,11,42,11,Gyurt
38,GÜZELYURT - PİYALE PAŞA MAH GÜZ,260,129,129,0,131,125,4,35,27,5,0,0,0,0,0,7,48,3,Gyurt
39,GÜZELYURT - PİYALE PAŞA MAH GÜZ,267,147,147,0,120,142,5,36,27,6,0,1,0,0,0,8,56,8,Gyurt
40,GÜZELYURT - PİYALE PAŞA MAH GÜZ,272,160,160,0,112,145,15,36,25,6,0,1,0,0,1,3,62,11,Gyurt
41,GÜZELYURT - SERHATKÖY,251,180,180,0,71,178,2,58,35,1,3,0,0,0,0,3,69,9,Gyurt
42,GÜZELYURT - SERHATKÖY,248,171,171,0,77,163,8,38,32,4,3,1,0,0,0,8,71,6,Gyurt
43,GÜZELYURT - ŞAHİNLER,148,114,114,0,34,111,3,52,16,16,0,0,0,0,0,2,18,7,Gyurt
44,GÜZELYURT - Y.BOSTANCI MAH,279,164,164,0,115,161,3,54,33,9,0,0,1,1,1,17,33,12,Gyurt
45,GÜZELYURT - Y.BOSTANCI MAH,277,146,146,0,131,142,4,61,20,20,0,2,0,0,0,3,28,8,Gyurt
46,GÜZELYURT - Y.BOSTANCI MAH,274,147,147,0,127,138,9,47,37,7,3,1,0,0,1,5,33,4,Gyurt
47,GÜZELYURT - Y.BOSTANCI MAH,275,150,150,0,125,145,5,67,18,19,0,0,0,1,0,18,15,7,Gyurt
48,GÜZELYURT - YAYLA MAH,255,134,134,0,121,128,6,50,26,2,0,0,0,1,2,9,29,9,Gyurt
49,GÜZELYURT - YAYLA MAH,246,110,110,0,136,96,14,43,19,3,0,1,0,0,0,2,19,9,Gyurt
50,GÜZELYURT - YAYLA MAH,246,126,126,0,120,123,3,50,24,1,1,0,0,0,0,6,26,15,Gyurt
51,GÜZELYURT - YUVACIK,59,44,44,0,15,42,2,10,10,1,0,0,0,0,0,0,10,11,Gyurt
52,GÜZELYURT - ZÜMRÜTKÖY,254,157,157,0,97,154,3,34,31,4,0,1,1,0,0,2,73,8,Gyurt
53,GÜZELYURT - ZÜMRÜTKÖY,254,148,148,0,106,143,5,41,32,8,0,0,1,0,0,5,52,4,Gyurt
54,GÜZELYURT - ZÜMRÜTKÖY,251,138,138,0,113,136,2,29,29,1,0,1,0,0,0,6,64,6,Gyurt
1,LEFKE - BADEMLİKÖY,79,46,46,0,33,44,2,13,7,7,1,1,0,0,0,2,11,2,Lefke
2,LEFKE - BAĞLIKÖY MAH,194,104,104,0,90,99,5,47,14,0,0,0,0,0,0,6,18,14,Lefke
3,LEFKE - CENGİZKÖY MAH,171,127,127,0,44,126,1,26,21,2,0,1,0,0,0,6,24,46,Lefke
4,LEFKE - ÇAMLIKÖY,118,85,85,0,33,80,5,39,6,3,1,0,0,1,0,8,11,11,Lefke
5,LEFKE - DENİZLİ MAH,192,117,117,0,75,116,1,26,27,3,0,0,0,0,1,1,43,15,Lefke
6,LEFKE - DENİZLİ MAH,194,139,139,0,55,135,4,31,33,7,0,1,0,0,0,12,34,17,Lefke
7,LEFKE - DOĞANCI,263,157,157,0,106,154,3,40,25,1,0,1,0,0,0,8,66,13,Lefke
8,LEFKE - DOĞANCI,263,153,153,0,110,141,12,24,25,0,0,0,0,0,0,6,72,14,Lefke
9,LEFKE - DOĞANCI,262,168,168,0,94,165,3,35,34,0,0,0,0,0,0,8,81,7,Lefke
10,LEFKE - DOĞANCI,259,175,175,0,84,169,6,39,27,0,1,0,0,0,0,3,90,9,Lefke
11,LEFKE - GAZİVEREN,270,204,204,0,66,199,5,46,37,6,0,0,0,0,1,24,73,12,Lefke
12,LEFKE - GAZİVEREN,270,173,173,0,97,170,3,24,36,5,2,3,0,0,0,7,76,17,Lefke
13,LEFKE - GAZİVEREN,267,211,211,0,56,205,6,43,29,4,0,0,0,0,2,16,84,27,Lefke
14,LEFKE - GEMİKONAĞI MAH,179,109,109,0,70,104,5,37,18,8,1,0,0,0,0,2,27,11,Lefke
15,LEFKE - GEMİKONAĞI MAH,183,108,108,0,75,106,2,36,17,7,0,0,0,0,0,0,25,21,Lefke
16,LEFKE - LEFKE MAH,271,146,146,0,125,135,11,44,31,9,1,1,0,0,0,3,34,12,Lefke
17,LEFKE - LEFKE MAH,281,158,158,0,123,154,4,53,26,5,2,0,2,0,2,6,44,14,Lefke
18,LEFKE - LEFKE MAH,273,155,155,0,118,152,3,52,33,11,0,1,0,1,0,4,38,12,Lefke
19,LEFKE - LEFKE MAH,297,176,176,0,121,173,3,78,36,11,2,0,0,0,0,2,21,23,Lefke
20,LEFKE - LEFKE MAH,269,177,177,0,92,173,4,63,33,9,0,1,0,0,0,6,49,12,Lefke
21,LEFKE - LEFKE MAH,283,179,179,0,104,172,7,59,56,5,1,0,0,0,0,6,29,16,Lefke
22,LEFKE - LEFKE MAH,253,166,166,0,87,159,7,41,40,2,0,1,0,0,0,1,55,19,Lefke
23,LEFKE - TAŞPINAR,156,108,108,0,48,100,8,35,27,0,0,3,0,0,0,1,30,4,Lefke
24,LEFKE - YEDİDALGA MAH,211,140,140,0,71,135,5,41,35,2,0,2,0,0,0,12,24,19,Lefke
25,LEFKE - YEDİDALGA MAH,216,124,124,0,92,118,6,50,21,7,0,2,0,0,0,8,21,9,Lefke
26,LEFKE - YEDİDALGA MAH,212,124,124,0,88,120,4,49,31,2,0,0,0,0,0,4,26,8,Lefke
27,LEFKE - YEŞİLIRMAK,247,172,172,0,75,166,6,57,52,1,0,1,0,0,0,4,36,15,Lefke
28,LEFKE - YEŞİLYURT MAH,246,156,156,0,90,149,7,48,22,7,0,1,0,0,1,5,52,13,Lefke
29,LEFKE - YEŞİLYURT MAH,254,156,156,0,98,153,3,81,21,6,0,2,0,0,0,4,32,7,Lefke
30,LEFKE - YEŞİLYURT MAH,234,145,145,0,89,139,6,45,34,5,1,1,0,0,0,4,34,15,Lefke
1,AKINCILAR - AKINCILAR,337,219,219,0,118,214,5,59,69,0,10,1,0,0,0,0,74,1,Lefkoşa
2,ALAYKÖY - ALAYKÖY,295,143,143,0,152,131,12,55,35,6,1,0,0,1,0,5,27,1,Lefkoşa
3,ALAYKÖY - ALAYKÖY,298,140,140,0,158,120,20,52,21,6,0,1,0,1,0,1,36,2,Lefkoşa
4,ALAYKÖY - ALAYKÖY,294,168,168,0,126,164,4,61,36,12,0,0,0,0,0,15,40,0,Lefkoşa
5,ALAYKÖY - ALAYKÖY,287,137,137,0,150,125,12,70,18,5,0,0,0,3,0,1,27,1,Lefkoşa
6,ALAYKÖY - ALAYKÖY,289,174,174,0,115,172,2,85,43,3,0,0,0,1,0,7,27,6,Lefkoşa
7,ALAYKÖY - ALAYKÖY,291,166,166,0,125,158,8,84,24,10,0,0,0,0,0,5,31,4,Lefkoşa
8,ALAYKÖY - ALAYKÖY,297,146,146,0,151,145,1,78,36,1,0,0,0,1,0,3,21,5,Lefkoşa
9,ALAYKÖY - YILMAZKÖY,416,304,304,0,112,302,2,141,24,41,0,0,0,0,0,20,73,3,Lefkoşa
10,DEĞİRMENLİK - BAHÇELİEVLER MAH,283,176,176,0,107,173,3,54,57,2,0,1,0,0,0,7,48,4,Lefkoşa
11,DEĞİRMENLİK - BALIKESİR,362,229,229,0,133,224,5,87,44,6,0,1,0,0,0,15,56,15,Lefkoşa
12,DEĞİRMENLİK - BALIKESİR,367,216,216,0,151,207,9,56,46,3,0,0,0,1,0,16,64,21,Lefkoşa
13,DEĞİRMENLİK - BAŞPINAR MAH DEĞ,240,129,129,0,111,129,0,56,26,25,0,0,0,0,0,7,13,2,Lefkoşa
14,DEĞİRMENLİK - BEYKÖY MAH,109,81,81,0,28,74,7,22,24,5,1,0,0,0,0,7,11,4,Lefkoşa
15,DEĞİRMENLİK - CAMİALTI MAH,250,145,145,0,105,143,2,39,38,26,3,1,0,0,0,5,26,5,Lefkoşa
16,DEĞİRMENLİK - CİHANGİR,247,182,182,0,65,176,6,45,93,4,0,0,0,0,0,4,29,1,Lefkoşa
17,DEĞİRMENLİK - CİHANGİR,259,214,214,0,45,209,5,29,111,2,0,2,0,0,0,11,51,3,Lefkoşa
18,DEĞİRMENLİK - CİHANGİR,229,178,178,0,51,172,6,54,68,2,0,1,0,0,0,5,41,1,Lefkoşa
19,DEĞİRMENLİK - ÇUKUROVA,193,127,127,0,66,125,2,53,45,6,0,0,0,0,0,0,12,9,Lefkoşa
20,DEĞİRMENLİK - DEMİRHAN,249,159,159,0,90,159,0,48,64,1,0,0,0,1,0,4,31,10,Lefkoşa
21,DEĞİRMENLİK - DEMİRHAN,245,180,180,0,65,175,5,48,55,1,0,2,0,1,0,2,49,17,Lefkoşa
22,DEĞİRMENLİK - DİLEKKAYA,300,203,203,0,97,194,9,94,56,0,0,1,4,0,0,3,34,2,Lefkoşa
23,DEĞİRMENLİK - DİLEKKAYA,300,197,197,0,103,187,10,83,52,1,0,2,3,0,0,6,40,0,Lefkoşa
24,DEĞİRMENLİK - DÜZOVA,298,205,205,0,93,195,10,89,60,2,0,1,0,0,0,5,32,6,Lefkoşa
25,DEĞİRMENLİK - DÜZOVA,292,209,209,0,83,195,14,81,82,1,0,0,0,0,0,3,26,2,Lefkoşa
26,DEĞİRMENLİK - ERDEMLİ,146,110,110,0,36,108,2,33,31,0,0,3,0,0,0,13,18,10,Lefkoşa
27,DEĞİRMENLİK - GAZİKÖY,317,235,235,0,82,226,9,120,59,3,0,0,0,0,0,12,24,8,Lefkoşa
28,DEĞİRMENLİK - GAZİKÖY,317,237,237,0,80,233,4,89,83,2,0,1,0,0,1,7,48,2,Lefkoşa
29,DEĞİRMENLİK - KALAVAÇ,233,168,168,0,65,158,10,39,36,1,1,1,0,0,0,5,70,5,Lefkoşa
30,DEĞİRMENLİK - KIRIKKALE,329,238,238,0,91,226,12,97,73,6,0,0,0,0,0,6,43,1,Lefkoşa
31,DEĞİRMENLİK - MEHMETCİK MAH,345,240,240,0,105,234,6,79,67,18,0,0,1,0,0,29,39,1,Lefkoşa
32,DEĞİRMENLİK - MERİÇ,399,281,281,0,118,271,10,117,61,6,5,2,0,0,0,8,68,4,Lefkoşa
33,DEĞİRMENLİK - MİNARELİKÖY,318,198,198,0,120,193,5,58,53,3,0,0,0,0,3,1,61,14,Lefkoşa
34,DEĞİRMENLİK - MİNARELİKÖY,332,207,207,0,125,203,4,52,69,9,1,1,0,0,1,6,50,14,Lefkoşa
35,DEĞİRMENLİK - MİNARELİKÖY,324,231,231,0,93,224,7,69,51,7,0,1,0,0,0,7,68,21,Lefkoşa
36,DEĞİRMENLİK - SARAY MAH,239,161,161,0,78,156,5,48,30,14,0,0,0,0,0,12,44,8,Lefkoşa
37,DEĞİRMENLİK - SARAY MAH,248,165,165,0,83,165,0,47,43,9,0,0,2,0,0,5,58,1,Lefkoşa
38,DEĞİRMENLİK - TEPEBAŞI MAH DEĞ,262,165,165,0,97,160,5,65,32,45,0,0,0,0,1,3,11,3,Lefkoşa
39,DEĞİRMENLİK - YENİCEKÖY,377,301,301,0,76,283,18,96,106,1,0,0,0,0,0,6,69,5,Lefkoşa
40,DEĞİRMENLİK - YİĞİTLER,246,170,170,0,76,163,7,68,39,0,0,0,0,0,0,8,40,8,Lefkoşa
41,GÖNYELİ - GÖNYELİ MAH,291,197,197,0,94,195,2,46,61,7,0,2,0,2,0,8,61,8,Lefkoşa
42,GÖNYELİ - GÖNYELİ MAH,298,216,216,0,82,212,4,46,51,0,0,3,0,0,0,11,97,4,Lefkoşa
43,GÖNYELİ - GÖNYELİ MAH,299,178,178,0,121,169,9,47,48,4,0,1,1,0,0,6,57,5,Lefkoşa
44,GÖNYELİ - GÖNYELİ MAH,296,173,173,0,123,172,1,30,48,4,2,0,0,0,1,2,83,2,Lefkoşa
45,GÖNYELİ - GÖNYELİ MAH,284,160,160,0,124,159,1,49,45,1,0,0,0,0,0,7,48,9,Lefkoşa
46,GÖNYELİ - GÖNYELİ MAH,287,188,188,0,99,159,29,35,43,1,0,2,0,0,0,8,64,6,Lefkoşa
47,GÖNYELİ - GÖNYELİ MAH,304,191,191,0,113,180,11,42,39,1,0,1,0,0,0,4,92,1,Lefkoşa
48,GÖNYELİ - GÖNYELİ MAH,282,170,170,0,112,168,2,39,36,6,0,1,0,0,0,6,72,8,Lefkoşa
49,GÖNYELİ - GÖNYELİ MAH,294,201,201,0,93,196,5,38,37,6,1,1,0,0,0,12,86,15,Lefkoşa
50,GÖNYELİ - GÖNYELİ MAH,303,182,182,0,121,172,10,61,29,6,0,2,0,0,2,5,60,7,Lefkoşa
51,GÖNYELİ - GÖNYELİ MAH,305,203,203,0,102,199,4,58,51,5,0,0,0,0,0,7,76,2,Lefkoşa
52,GÖNYELİ - GÖNYELİ MAH,294,184,184,0,110,176,8,52,42,1,1,0,0,0,0,6,65,9,Lefkoşa
53,GÖNYELİ - GÖNYELİ MAH,284,185,185,0,99,184,1,55,47,5,0,1,0,0,3,4,66,3,Lefkoşa
54,GÖNYELİ - GÖNYELİ MAH,298,201,201,0,97,201,0,40,44,1,1,0,0,0,1,5,100,9,Lefkoşa
55,GÖNYELİ - GÖNYELİ MAH,289,163,163,0,126,156,7,55,40,7,0,0,0,0,0,6,44,4,Lefkoşa
56,GÖNYELİ - GÖNYELİ MAH,297,206,206,0,91,198,8,34,47,2,1,0,0,0,0,10,103,1,Lefkoşa
57,GÖNYELİ - GÖNYELİ MAH,300,200,200,0,100,192,8,48,55,0,0,1,0,1,0,12,70,5,Lefkoşa
58,GÖNYELİ - GÖNYELİ MAH,295,190,190,0,105,166,24,41,48,3,1,1,0,0,1,2,61,8,Lefkoşa
59,GÖNYELİ - GÖNYELİ MAH,301,185,185,0,116,184,1,26,59,0,1,0,0,0,0,10,83,5,Lefkoşa
60,GÖNYELİ - GÖNYELİ MAH,295,174,174,0,121,171,3,45,49,6,0,0,0,0,0,10,60,1,Lefkoşa
61,GÖNYELİ - GÖNYELİ MAH,296,196,196,0,100,187,9,57,40,0,0,0,0,0,1,10,75,4,Lefkoşa
62,GÖNYELİ - GÖNYELİ MAH,296,208,208,0,88,202,6,31,53,4,0,5,0,1,2,12,92,2,Lefkoşa
63,GÖNYELİ - GÖNYELİ MAH,296,191,191,0,105,190,1,79,42,2,1,0,0,0,0,5,58,3,Lefkoşa
64,GÖNYELİ - GÖNYELİ MAH,300,186,186,0,114,176,10,58,46,2,0,0,0,0,0,9,52,9,Lefkoşa
65,GÖNYELİ - GÖNYELİ MAH,297,176,176,0,121,169,7,55,43,4,0,2,0,0,0,7,56,2,Lefkoşa
66,GÖNYELİ - GÖNYELİ MAH,293,157,157,0,136,150,7,47,32,2,1,2,0,0,0,13,51,2,Lefkoşa
67,GÖNYELİ - KANLIKÖY,199,143,143,0,56,136,7,45,27,3,0,2,0,0,0,7,50,2,Lefkoşa
68,GÖNYELİ - YENİKENT MAH,300,189,189,0,111,187,2,31,46,1,1,0,0,0,0,4,93,11,Lefkoşa
69,GÖNYELİ - YENİKENT MAH,311,232,232,0,79,220,12,42,62,1,0,1,0,0,0,13,94,7,Lefkoşa
70,GÖNYELİ - YENİKENT MAH,301,195,195,0,106,191,4,41,41,0,2,0,0,0,0,12,84,11,Lefkoşa
71,GÖNYELİ - YENİKENT MAH,304,213,213,0,91,198,15,39,49,1,0,1,0,0,0,8,98,2,Lefkoşa
72,GÖNYELİ - YENİKENT MAH,309,206,206,0,103,206,0,42,36,1,0,2,0,0,0,8,108,9,Lefkoşa
73,GÖNYELİ - YENİKENT MAH,302,205,205,0,97,194,11,46,44,1,0,0,0,0,0,15,83,5,Lefkoşa
74,GÖNYELİ - YENİKENT MAH,306,196,196,0,110,185,11,44,35,3,0,0,0,0,0,11,76,16,Lefkoşa
75,GÖNYELİ - YENİKENT MAH,306,192,192,0,114,191,1,32,62,2,0,0,0,0,1,10,84,0,Lefkoşa
76,GÖNYELİ - YENİKENT MAH,301,203,203,0,98,202,1,35,50,3,2,0,0,0,0,16,91,5,Lefkoşa
77,GÖNYELİ - YENİKENT MAH,302,190,190,0,112,187,3,44,58,1,0,0,0,0,0,17,59,8,Lefkoşa
78,GÖNYELİ - YENİKENT MAH,302,188,188,0,114,179,9,42,40,2,1,0,0,0,0,10,73,11,Lefkoşa
79,GÖNYELİ - YENİKENT MAH,282,173,173,0,109,166,7,38,45,0,2,0,1,0,0,3,75,2,Lefkoşa
80,GÖNYELİ - YENİKENT MAH,291,164,164,0,127,156,8,39,34,3,2,0,0,0,0,5,66,7,Lefkoşa
81,GÖNYELİ - YENİKENT MAH,313,236,236,0,77,235,1,50,48,1,1,1,1,0,0,14,113,6,Lefkoşa
82,LEFKOŞA - ABDİ ÇAVUŞ MAH,191,85,85,0,106,84,1,43,8,4,0,1,0,0,0,4,20,4,Lefkoşa
83,LEFKOŞA - ABDİ ÇAVUŞ MAH,201,99,99,0,102,97,2,47,5,4,0,0,0,1,2,9,25,4,Lefkoşa
84,LEFKOŞA - AKKAVUK MAH,210,122,122,0,88,118,4,66,14,12,0,0,1,0,0,6,16,3,Lefkoşa
85,LEFKOŞA - AKKAVUK MAH,222,119,119,0,103,118,1,58,11,4,0,0,0,0,0,11,30,4,Lefkoşa
86,LEFKOŞA - ARABAHMET MAH,203,85,85,0,118,84,1,32,17,1,0,2,1,0,0,5,22,4,Lefkoşa
87,LEFKOŞA - ARABAHMET MAH,209,113,113,0,96,99,14,39,24,5,1,0,0,0,0,9,21,0,Lefkoşa
88,LEFKOŞA - AYDEMET MAH,286,187,187,0,99,178,9,44,43,2,0,0,0,0,0,6,79,4,Lefkoşa
89,LEFKOŞA - AYDEMET MAH,277,156,156,0,121,149,7,35,33,7,0,0,0,0,0,5,68,1,Lefkoşa
90,LEFKOŞA - AYDEMET MAH,278,174,174,0,104,174,0,38,38,1,0,0,1,0,2,10,77,7,Lefkoşa
91,LEFKOŞA - AYDEMET MAH,269,156,156,0,113,154,2,31,28,2,0,2,0,0,0,18,65,8,Lefkoşa
92,LEFKOŞA - AYDEMET MAH,282,212,212,0,70,198,14,32,36,1,0,0,0,0,0,13,102,14,Lefkoşa
93,LEFKOŞA - AYYILDIZ MAH,318,146,146,0,172,129,17,63,26,8,1,0,0,0,0,3,26,2,Lefkoşa
94,LEFKOŞA - ÇAĞLAYAN MAH,259,161,161,0,98,158,3,50,21,11,2,1,0,0,0,8,57,8,Lefkoşa
95,LEFKOŞA - ÇAĞLAYAN MAH,257,126,126,0,131,123,3,41,29,3,0,0,0,0,1,3,42,4,Lefkoşa
96,LEFKOŞA - ÇAĞLAYAN MAH,270,187,187,0,83,180,7,59,26,2,0,3,0,0,0,7,71,12,Lefkoşa
97,LEFKOŞA - ÇAĞLAYAN MAH,261,154,154,0,107,153,1,52,20,3,0,0,0,0,0,7,69,2,Lefkoşa
98,LEFKOŞA - GÖÇMENKÖY MAH,265,129,129,0,136,127,2,25,38,0,0,1,0,0,1,4,56,2,Lefkoşa
99,LEFKOŞA - GÖÇMENKÖY MAH,281,161,161,0,120,156,5,35,29,2,0,0,0,0,0,6,77,7,Lefkoşa
100,LEFKOŞA - GÖÇMENKÖY MAH,295,201,201,0,94,201,0,50,46,1,0,0,0,0,0,19,77,8,Lefkoşa
101,LEFKOŞA - GÖÇMENKÖY MAH,284,184,184,0,100,183,1,52,24,5,3,0,0,0,1,8,82,8,Lefkoşa
102,LEFKOŞA - GÖÇMENKÖY MAH,277,161,161,0,116,161,0,49,39,0,0,0,0,0,0,3,57,13,Lefkoşa
103,LEFKOŞA - GÖÇMENKÖY MAH,252,172,172,0,80,165,7,39,45,4,1,0,0,0,0,3,67,6,Lefkoşa
104,LEFKOŞA - GÖÇMENKÖY MAH,266,152,152,0,114,148,4,46,28,4,0,0,0,0,0,2,54,14,Lefkoşa
105,LEFKOŞA - GÖÇMENKÖY MAH,261,128,128,0,133,123,5,24,34,0,4,0,0,0,0,0,56,5,Lefkoşa
106,LEFKOŞA - GÖÇMENKÖY MAH,250,147,147,0,103,142,5,43,27,0,0,0,0,0,0,4,59,9,Lefkoşa
107,LEFKOŞA - HAMİTKÖY,295,135,135,0,160,130,5,31,20,1,1,0,0,1,0,6,66,4,Lefkoşa
108,LEFKOŞA - HAMİTKÖY,298,190,190,0,108,183,7,45,38,2,1,0,0,0,0,9,80,8,Lefkoşa
109,LEFKOŞA - HAMİTKÖY,295,185,185,0,110,183,2,67,30,1,0,0,0,1,0,3,71,10,Lefkoşa
110,LEFKOŞA - HAMİTKÖY,294,214,214,0,80,209,5,51,59,4,0,0,0,0,0,6,89,0,Lefkoşa
111,LEFKOŞA - HAMİTKÖY,293,185,185,0,108,180,5,42,36,6,0,0,0,0,0,8,80,8,Lefkoşa
112,LEFKOŞA - HAMİTKÖY,286,181,181,0,105,179,2,55,51,0,1,0,0,0,0,7,62,3,Lefkoşa
113,LEFKOŞA - HAMİTKÖY,289,169,169,0,120,157,12,55,30,5,1,1,0,0,0,6,51,8,Lefkoşa
114,LEFKOŞA - HAMİTKÖY,301,192,192,0,109,176,16,60,38,3,0,0,1,0,0,8,58,8,Lefkoşa
115,LEFKOŞA - HAMİTKÖY,301,196,196,0,105,193,3,61,33,9,0,0,0,0,0,14,73,3,Lefkoşa
116,LEFKOŞA - HAMİTKÖY,293,176,176,0,117,174,2,41,43,3,0,0,0,0,0,14,68,5,Lefkoşa
117,LEFKOŞA - HASPOLAT,273,153,153,0,120,148,5,82,30,4,0,1,0,0,0,9,18,4,Lefkoşa
118,LEFKOŞA - HASPOLAT,276,150,150,0,126,134,16,48,21,9,2,0,2,0,0,14,32,6,Lefkoşa
119,LEFKOŞA - HASPOLAT,276,149,149,0,127,140,9,82,18,5,3,0,1,0,0,6,19,6,Lefkoşa
120,LEFKOŞA - HASPOLAT,274,112,112,0,162,107,5,63,20,5,0,1,0,0,0,8,8,2,Lefkoşa
121,LEFKOŞA - HASPOLAT,272,161,161,0,111,155,6,67,36,11,0,3,1,0,0,8,19,10,Lefkoşa
122,LEFKOŞA - HASPOLAT,275,164,164,0,111,162,2,59,29,5,2,0,0,0,0,7,47,13,Lefkoşa
123,LEFKOŞA - HAYDARPAŞA MAH,112,56,56,0,56,54,2,28,4,5,0,0,0,0,0,3,12,2,Lefkoşa
124,LEFKOŞA - İBRAHİM PAŞA MAH,327,171,171,0,156,157,14,65,24,9,2,4,0,0,0,8,41,4,Lefkoşa
125,LEFKOŞA - İPLİKPAZARI/K.EFENDİ,194,98,98,0,96,89,9,40,12,2,1,0,0,0,0,5,26,3,Lefkoşa
126,LEFKOŞA - KAFESLİ MAH,181,80,80,0,101,58,22,29,3,5,0,0,0,0,1,2,17,1,Lefkoşa
127,LEFKOŞA - KARAMANZADE MAH,317,154,154,0,163,140,14,56,27,6,0,0,0,1,0,13,29,8,Lefkoşa
128,LEFKOŞA - KIZILAY MAH,307,196,196,0,111,187,9,32,29,1,4,0,0,1,0,16,93,11,Lefkoşa
129,LEFKOŞA - KIZILAY MAH,300,173,173,0,127,158,15,36,19,7,1,0,0,0,2,21,69,3,Lefkoşa
130,LEFKOŞA - KIZILAY MAH,299,190,190,0,109,172,18,43,36,2,1,1,0,0,1,7,75,6,Lefkoşa
131,LEFKOŞA - KIZILAY MAH,303,191,191,0,112,182,9,48,37,2,1,0,0,0,1,9,72,12,Lefkoşa
132,LEFKOŞA - KIZILAY MAH,295,158,158,0,137,152,6,31,20,2,0,0,0,0,0,11,84,4,Lefkoşa
133,LEFKOŞA - KIZILAY MAH,288,165,165,0,123,160,5,30,40,2,0,0,0,0,1,8,72,7,Lefkoşa
134,LEFKOŞA - KIZILAY MAH,299,145,145,0,154,139,6,40,16,4,2,0,0,0,0,11,59,7,Lefkoşa
135,LEFKOŞA - KIZILAY MAH,302,196,196,0,106,191,5,45,45,2,0,1,0,0,0,7,81,10,Lefkoşa
136,LEFKOŞA - KÖŞKLÜÇİFTLİK MAH,286,162,162,0,124,156,6,43,26,5,0,0,0,0,1,20,53,8,Lefkoşa
137,LEFKOŞA - KÖŞKLÜÇİFTLİK MAH,294,192,192,0,102,189,3,37,41,1,0,2,0,0,0,19,63,26,Lefkoşa
138,LEFKOŞA - KÖŞKLÜÇİFTLİK MAH,296,174,174,0,122,162,12,44,23,5,0,0,0,0,0,7,68,15,Lefkoşa
139,LEFKOŞA - KÖŞKLÜÇİFTLİK MAH,298,149,149,0,149,143,6,33,27,7,0,0,0,0,0,10,56,10,Lefkoşa
140,LEFKOŞA - KÖŞKLÜÇİFTLİK MAH,288,167,167,0,121,161,6,43,27,2,0,0,0,0,0,14,68,7,Lefkoşa
141,LEFKOŞA - KÖŞKLÜÇİFTLİK MAH,290,146,146,0,144,134,12,53,9,1,0,0,0,0,0,9,53,9,Lefkoşa
142,LEFKOŞA - KÖŞKLÜÇİFTLİK MAH,296,164,164,0,132,163,1,51,35,1,0,1,0,0,0,11,59,5,Lefkoşa
143,LEFKOŞA - KÖŞKLÜÇİFTLİK MAH,291,175,175,0,116,172,3,57,32,0,1,0,0,0,0,10,64,8,Lefkoşa
144,LEFKOŞA - KÖŞKLÜÇİFTLİK MAH,283,162,162,0,121,159,3,42,25,5,0,2,0,1,0,13,61,10,Lefkoşa
145,LEFKOŞA - KÖŞKLÜÇİFTLİK MAH,280,194,194,0,86,182,12,45,38,1,0,2,0,0,0,9,72,15,Lefkoşa
146,LEFKOŞA - KUMSAL MAH,301,188,188,0,113,181,7,33,36,0,0,0,0,0,0,18,87,7,Lefkoşa
147,LEFKOŞA - KUMSAL MAH,303,178,178,0,125,175,3,43,27,0,0,0,0,0,1,12,87,5,Lefkoşa
148,LEFKOŞA - KUMSAL MAH,297,163,163,0,134,156,7,34,17,3,1,0,0,0,0,18,80,3,Lefkoşa
149,LEFKOŞA - KUMSAL MAH,296,159,159,0,137,157,2,35,30,1,1,0,0,0,0,4,78,8,Lefkoşa
150,LEFKOŞA - KUMSAL MAH,300,181,181,0,119,179,2,47,29,0,0,0,0,0,0,18,67,18,Lefkoşa
151,LEFKOŞA - KÜÇÜK KAYMAKLI MAH,305,174,174,0,131,170,4,53,32,5,0,2,0,0,0,5,71,2,Lefkoşa
152,LEFKOŞA - KÜÇÜK KAYMAKLI MAH,303,181,181,0,122,172,9,34,38,1,0,0,0,0,0,17,78,4,Lefkoşa
153,LEFKOŞA - KÜÇÜK KAYMAKLI MAH,302,184,184,0,118,179,5,56,35,0,1,2,0,0,0,13,67,5,Lefkoşa
154,LEFKOŞA - KÜÇÜK KAYMAKLI MAH,314,190,190,0,124,180,10,33,29,1,2,0,0,0,0,10,102,3,Lefkoşa
155,LEFKOŞA - KÜÇÜK KAYMAKLI MAH,310,183,183,0,127,180,3,34,33,6,1,0,0,1,0,14,86,5,Lefkoşa
156,LEFKOŞA - KÜÇÜK KAYMAKLI MAH,318,176,176,0,142,171,5,40,40,6,1,0,1,0,0,6,63,14,Lefkoşa
157,LEFKOŞA - KÜÇÜK KAYMAKLI MAH,314,197,197,0,117,193,4,48,39,3,0,1,0,0,0,4,91,7,Lefkoşa
158,LEFKOŞA - KÜÇÜK KAYMAKLI MAH,311,180,180,0,131,174,6,35,39,7,0,0,0,0,0,11,74,8,Lefkoşa
159,LEFKOŞA - KÜÇÜK KAYMAKLI MAH,297,138,138,0,159,137,1,24,31,3,0,0,0,0,1,8,67,3,Lefkoşa
160,LEFKOŞA - KÜÇÜK KAYMAKLI MAH,297,164,164,0,133,160,4,44,11,1,2,0,0,0,0,7,79,16,Lefkoşa
161,LEFKOŞA - KÜÇÜK KAYMAKLI MAH,312,185,185,0,127,181,4,36,48,2,0,0,1,0,0,20,69,5,Lefkoşa
162,LEFKOŞA - KÜÇÜK KAYMAKLI MAH,297,185,185,0,112,183,2,33,34,1,0,0,0,0,0,9,100,6,Lefkoşa
163,LEFKOŞA - KÜÇÜK KAYMAKLI MAH,294,193,193,0,101,187,6,28,54,2,0,2,0,0,0,9,90,2,Lefkoşa
164,LEFKOŞA - KÜÇÜK KAYMAKLI MAH,292,141,141,0,151,138,3,35,28,5,0,0,0,0,1,5,61,3,Lefkoşa
165,LEFKOŞA - KÜÇÜK KAYMAKLI MAH,293,182,182,0,111,178,4,54,28,3,0,1,0,0,0,13,78,1,Lefkoşa
166,LEFKOŞA - KÜÇÜK KAYMAKLI MAH,292,174,174,0,118,173,1,48,20,8,0,0,0,0,0,14,77,6,Lefkoşa
167,LEFKOŞA - KÜÇÜK KAYMAKLI MAH,283,199,199,0,84,195,4,46,53,5,0,0,0,0,0,12,71,8,Lefkoşa
168,LEFKOŞA - KÜÇÜK KAYMAKLI MAH,314,174,174,0,140,168,6,47,27,3,0,1,1,0,0,18,65,6,Lefkoşa
169,LEFKOŞA - KÜÇÜK KAYMAKLI MAH,315,171,171,0,144,167,4,48,32,6,2,0,0,0,0,9,63,7,Lefkoşa
170,LEFKOŞA - KÜÇÜK KAYMAKLI MAH,307,205,205,0,102,198,7,47,53,4,0,0,0,0,0,14,77,3,Lefkoşa
171,LEFKOŞA - KÜÇÜK KAYMAKLI MAH,311,203,203,0,108,196,7,41,43,2,2,1,0,0,0,14,89,4,Lefkoşa
172,LEFKOŞA - KÜÇÜK KAYMAKLI MAH,313,168,168,0,145,166,2,42,31,5,0,0,0,0,0,13,71,4,Lefkoşa
173,LEFKOŞA - MAHMUT PAŞA MAH,140,79,79,0,61,70,9,34,6,5,0,1,0,0,0,4,18,2,Lefkoşa
174,LEFKOŞA - MARMARA MAH,313,152,152,0,161,149,3,55,17,3,1,0,0,0,0,7,58,8,Lefkoşa
175,LEFKOŞA - MARMARA MAH,315,173,173,0,142,165,8,44,31,5,1,1,0,0,0,11,63,9,Lefkoşa
176,LEFKOŞA - MARMARA MAH,310,178,178,0,132,175,3,54,22,4,0,0,0,0,0,4,80,11,Lefkoşa
177,LEFKOŞA - MARMARA MAH,314,198,198,0,116,197,1,41,63,5,0,0,0,0,0,8,69,11,Lefkoşa
178,LEFKOŞA - MARMARA MAH,316,194,194,0,122,188,6,43,39,6,0,0,0,1,0,5,89,5,Lefkoşa
179,LEFKOŞA - MARMARA MAH,315,188,188,0,127,179,9,31,38,5,0,1,1,0,0,7,91,5,Lefkoşa
180,LEFKOŞA - MARMARA MAH,311,163,163,0,148,154,9,48,33,1,1,0,0,0,0,7,55,9,Lefkoşa
181,LEFKOŞA - ORTAKÖY MAH,293,156,156,0,137,145,11,44,20,3,0,0,0,0,1,8,58,11,Lefkoşa
182,LEFKOŞA - ORTAKÖY MAH,299,166,166,0,133,161,5,42,32,5,0,2,0,0,0,8,63,9,Lefkoşa
183,LEFKOŞA - ORTAKÖY MAH,296,183,183,0,113,176,7,53,44,3,0,0,0,0,0,11,60,5,Lefkoşa
184,LEFKOŞA - ORTAKÖY MAH,293,165,165,0,128,156,9,48,19,6,0,0,0,0,0,10,64,9,Lefkoşa
185,LEFKOŞA - ORTAKÖY MAH,300,189,189,0,111,183,6,37,36,10,0,1,0,0,0,7,87,5,Lefkoşa
186,LEFKOŞA - ORTAKÖY MAH,295,202,202,0,93,198,4,39,50,0,0,0,0,0,0,1,101,7,Lefkoşa
187,LEFKOŞA - ORTAKÖY MAH,296,197,197,0,99,192,5,38,48,0,0,0,0,0,1,12,86,7,Lefkoşa
188,LEFKOŞA - ORTAKÖY MAH,294,175,175,0,119,169,6,42,31,7,0,1,0,0,0,12,71,5,Lefkoşa
189,LEFKOŞA - ORTAKÖY MAH,289,197,197,0,92,187,10,40,28,0,1,1,0,0,1,7,105,4,Lefkoşa
190,LEFKOŞA - ORTAKÖY MAH,294,186,186,0,108,181,5,41,53,7,0,0,0,0,0,13,63,4,Lefkoşa
191,LEFKOŞA - ORTAKÖY MAH,304,171,171,0,133,163,8,36,46,3,1,2,0,0,1,7,63,4,Lefkoşa
192,LEFKOŞA - ORTAKÖY MAH,296,178,178,0,118,175,3,41,38,3,1,0,0,1,0,3,80,8,Lefkoşa
193,LEFKOŞA - ORTAKÖY MAH,287,145,145,0,142,139,6,47,22,6,0,0,1,0,0,4,55,4,Lefkoşa
194,LEFKOŞA - ORTAKÖY MAH,296,179,179,0,117,179,0,33,43,8,0,0,0,0,0,8,80,7,Lefkoşa
195,LEFKOŞA - ORTAKÖY MAH,287,164,164,0,123,163,1,35,37,0,0,0,0,0,0,4,84,3,Lefkoşa
196,LEFKOŞA - SELİMİYE MAH,223,104,104,0,119,103,1,40,20,7,0,1,0,0,0,6,24,5,Lefkoşa
197,LEFKOŞA - SELİMİYE MAH,222,111,111,0,111,108,3,52,15,10,0,0,0,0,0,9,16,6,Lefkoşa
198,LEFKOŞA - TAŞKINKÖY MAH,284,195,195,0,89,190,5,50,32,5,1,0,0,0,0,9,87,6,Lefkoşa
199,LEFKOŞA - TAŞKINKÖY MAH,279,201,201,0,78,195,6,44,34,1,0,0,0,0,0,3,99,14,Lefkoşa
200,LEFKOŞA - TAŞKINKÖY MAH,293,205,205,0,88,205,0,37,47,0,0,0,0,0,2,7,106,6,Lefkoşa
201,LEFKOŞA - TAŞKINKÖY MAH,284,174,174,0,110,163,11,36,41,1,0,0,0,0,0,7,73,5,Lefkoşa
202,LEFKOŞA - TAŞKINKÖY MAH,292,189,189,0,103,174,15,34,33,4,0,0,0,0,0,10,91,2,Lefkoşa
203,LEFKOŞA - TAŞKINKÖY MAH,299,205,205,0,94,203,2,41,43,0,0,0,0,0,0,5,104,10,Lefkoşa
204,LEFKOŞA - TAŞKINKÖY MAH,293,188,188,0,105,182,6,23,42,3,0,0,0,0,0,20,91,3,Lefkoşa
205,LEFKOŞA - TAŞKINKÖY MAH,282,197,197,0,85,193,4,43,39,3,1,0,0,0,0,9,90,8,Lefkoşa
206,LEFKOŞA - TAŞKINKÖY MAH,280,176,176,0,104,174,2,22,35,2,1,0,0,0,0,10,92,12,Lefkoşa
207,LEFKOŞA - TAŞKINKÖY MAH,280,192,192,0,88,187,5,48,33,0,0,0,0,0,1,10,89,6,Lefkoşa
208,LEFKOŞA - TAŞKINKÖY MAH,283,192,192,0,91,188,4,37,39,2,0,0,0,0,0,18,87,5,Lefkoşa
209,LEFKOŞA - TAŞKINKÖY MAH,277,191,191,0,86,183,8,35,56,1,0,0,1,0,0,12,75,3,Lefkoşa
210,LEFKOŞA - YENİCAMİ MAH,311,166,166,0,145,152,14,78,18,8,1,0,0,0,1,12,33,1,Lefkoşa
211,LEFKOŞA - YENİCAMİ MAH,300,159,159,0,141,143,16,62,20,12,0,0,0,0,2,10,34,3,Lefkoşa
212,LEFKOŞA - YENİCAMİ MAH,300,136,136,0,164,134,2,65,9,8,1,0,0,0,0,11,38,2,Lefkoşa
213,LEFKOŞA - YENİŞEHİR MAH,247,152,152,0,95,150,2,27,23,4,0,0,1,0,0,16,74,5,Lefkoşa
214,LEFKOŞA - YENİŞEHİR MAH,247,138,138,0,109,129,9,33,18,3,0,0,0,0,0,4,63,8,Lefkoşa
215,LEFKOŞA - YENİŞEHİR MAH,299,147,147,0,152,141,6,53,26,1,0,0,0,0,0,7,51,3,Lefkoşa
216,LEFKOŞA - YENİŞEHİR MAH,304,170,170,0,134,165,5,41,27,4,1,0,0,0,0,9,75,8,Lefkoşa
217,LEFKOŞA - YENİŞEHİR MAH,305,160,160,0,145,154,6,30,47,3,1,0,0,0,0,4,62,7,Lefkoşa
218,LEFKOŞA - YENİŞEHİR MAH,305,145,145,0,160,141,4,29,27,4,1,1,0,0,0,6,69,4,Lefkoşa
219,LEFKOŞA - YENİŞEHİR MAH,288,145,145,0,143,144,1,37,26,4,0,1,0,0,0,6,65,5,Lefkoşa
220,LEFKOŞA - YENİŞEHİR MAH,301,149,149,0,152,149,0,33,25,1,0,1,0,0,0,13,71,5,Lefkoşa
221,LEFKOŞA - YENİŞEHİR MAH,287,156,156,0,131,147,9,37,18,0,0,1,0,0,0,12,73,6,Lefkoşa
222,LEFKOŞA - YENİŞEHİR MAH,293,153,153,0,140,152,1,40,23,3,1,0,0,0,0,14,65,6,Lefkoşa
223,LEFKOŞA - YENİŞEHİR MAH,249,140,140,0,109,136,4,40,23,2,0,1,0,0,0,8,56,6,Lefkoşa
1,BÜYÜKKONUK - BÜYÜKKONUK,263,148,148,0,115,143,5,78,10,32,0,0,0,0,0,3,13,7,Iskele
2,BÜYÜKKONUK - BÜYÜKKONUK,263,158,158,0,105,153,5,84,9,19,0,0,1,0,0,11,27,2,Iskele
3,BÜYÜKKONUK - BÜYÜKKONUK,266,132,132,0,134,127,5,46,25,8,1,0,0,1,0,6,39,1,Iskele
4,BÜYÜKKONUK - KAPLICA,391,261,261,0,130,251,10,106,17,47,1,0,0,1,1,53,12,13,Iskele
5,BÜYÜKKONUK - KİLİTKAYA,150,115,115,0,35,111,4,50,37,0,0,1,0,0,0,3,19,1,Iskele
6,BÜYÜKKONUK - MERSİNLİK,169,102,102,0,67,97,5,42,2,39,0,0,2,0,0,11,1,0,Iskele
7,BÜYÜKKONUK - SAZLIKÖY,68,42,42,0,26,41,1,9,12,0,0,1,0,0,0,2,17,0,Iskele
8,BÜYÜKKONUK - TUZLUCA,337,189,189,0,148,180,9,81,27,56,1,0,0,0,0,2,10,3,Iskele
9,BÜYÜKKONUK - YEDİKONUK,274,156,156,0,118,150,6,81,19,27,1,0,0,1,1,5,8,7,Iskele
10,BÜYÜKKONUK - YEDİKONUK,277,148,148,0,129,144,4,58,21,38,0,1,0,0,0,8,3,15,Iskele
11,BÜYÜKKONUK - YEDİKONUK,269,171,171,0,98,158,13,58,32,26,2,0,0,0,1,5,8,26,Iskele
12,BÜYÜKKONUK - ZEYBEKKÖY,32,22,22,0,10,20,2,12,5,0,0,0,0,1,0,0,2,0,Iskele
13,DİPKARPAZ - ERSİN PAŞA MAH,211,88,88,0,123,78,10,51,9,9,0,0,0,0,0,6,0,3,Iskele
14,DİPKARPAZ - ERSİN PAŞA MAH,211,100,100,0,111,97,3,53,7,18,0,0,0,0,0,7,6,6,Iskele
15,DİPKARPAZ - ERSİN PAŞA MAH,209,105,105,0,104,82,23,46,0,20,0,0,0,0,0,3,3,10,Iskele
16,DİPKARPAZ - KALEBURNU,359,164,164,0,195,159,5,61,24,15,0,1,0,0,0,34,20,4,Iskele
17,DİPKARPAZ - POLAT PAŞA MAH,226,125,125,0,101,122,3,59,30,8,0,1,0,0,0,6,8,10,Iskele
18,DİPKARPAZ - POLAT PAŞA MAH,228,111,111,0,117,105,6,47,21,9,0,0,1,0,1,4,16,6,Iskele
19,DİPKARPAZ - POLAT PAŞA MAH,219,112,112,0,107,111,1,51,17,9,0,0,0,0,0,9,10,15,Iskele
20,DİPKARPAZ - SANCAR PAŞA MAH,205,117,117,0,88,115,2,45,22,18,0,0,0,0,0,7,18,5,Iskele
21,DİPKARPAZ - SANCAR PAŞA MAH,204,117,117,0,87,113,4,65,20,7,0,0,0,0,0,5,8,8,Iskele
22,DİPKARPAZ - SANCAR PAŞA MAH,206,114,114,0,92,101,13,44,14,3,0,0,0,0,0,15,16,9,Iskele
23,İSKELE - AĞILLAR,143,111,111,0,32,107,4,60,22,6,0,0,0,0,0,8,9,2,Iskele
24,İSKELE - ALTINOVA,199,144,144,0,55,140,4,63,41,0,0,2,0,0,0,1,33,0,Iskele
25,İSKELE - ARDAHAN,337,185,185,0,152,171,14,107,20,27,0,1,0,0,0,6,10,0,Iskele
26,İSKELE - AYGÜN,381,244,244,0,137,217,27,111,49,8,1,0,1,0,0,12,32,3,Iskele
27,İSKELE - BOĞAZ MAH,199,111,111,0,88,106,5,32,33,4,0,0,0,0,0,6,29,2,Iskele
28,İSKELE - BOĞAZİÇİ,249,129,129,0,120,121,8,42,51,3,0,0,0,0,0,3,22,0,Iskele
29,İSKELE - BOĞAZİÇİ,244,159,159,0,85,150,9,79,44,6,0,0,0,0,1,0,19,1,Iskele
30,İSKELE - BOĞAZTEPE MAH,369,204,204,0,165,199,5,50,71,2,1,1,0,0,0,9,62,3,Iskele
31,İSKELE - CEVİZLİ MAH,275,152,152,0,123,146,6,38,30,4,1,0,0,0,0,1,71,1,Iskele
32,İSKELE - CEVİZLİ MAH,274,135,135,0,139,134,1,46,17,5,0,0,0,0,1,9,54,2,Iskele
33,İSKELE - CEVİZLİ MAH,272,140,140,0,132,134,6,50,35,2,0,0,0,0,1,2,36,8,Iskele
34,İSKELE - ERGAZİ,229,144,144,0,85,133,11,60,36,0,0,0,0,1,0,5,30,1,Iskele
35,İSKELE - İSKELE MERKEZ MAH,274,129,129,0,145,121,8,38,19,10,0,0,0,0,0,7,44,3,Iskele
36,İSKELE - İSKELE MERKEZ MAH,274,161,161,0,113,152,9,58,29,19,0,0,0,0,0,7,39,0,Iskele
37,İSKELE - İSKELE MERKEZ MAH,272,148,148,0,124,127,21,32,29,16,0,0,0,0,0,2,48,0,Iskele
38,İSKELE - İSKELE MERKEZ MAH,273,154,154,0,119,125,29,42,23,3,1,1,0,0,0,3,51,1,Iskele
39,İSKELE - İSKELE MERKEZ MAH,273,136,136,0,137,132,4,29,30,19,0,0,1,0,0,3,45,5,Iskele
40,İSKELE - İSKELE MERKEZ MAH,272,128,128,0,144,112,16,32,19,16,0,0,0,0,0,5,38,2,Iskele
41,İSKELE - İSKELE MERKEZ MAH,273,169,169,0,104,154,15,41,34,15,0,1,1,0,0,6,55,1,Iskele
42,İSKELE - KALECİK MAH,299,177,177,0,122,171,6,92,20,21,0,0,0,0,0,20,2,16,Iskele
43,İSKELE - KURTULUŞ,76,44,44,0,32,33,11,14,8,0,0,0,0,0,0,0,11,0,Iskele
44,İSKELE - KUZUCUK,317,212,212,0,105,194,18,78,20,10,2,0,0,0,0,6,72,6,Iskele
45,İSKELE - ÖTÜKEN,232,116,116,0,116,115,1,37,20,6,0,0,0,0,0,6,45,1,Iskele
46,İSKELE - ÖTÜKEN,233,140,140,0,93,138,2,28,28,5,0,0,0,0,0,3,70,4,Iskele
47,İSKELE - SINIRÜSTÜ,152,86,86,0,66,82,4,30,27,2,0,0,0,0,0,4,13,6,Iskele
48,İSKELE - TOPCUKÖY,314,224,224,0,90,193,31,61,41,1,0,0,0,0,0,6,83,1,Iskele
49,İSKELE - TURNALAR,123,88,88,0,35,85,3,34,28,12,0,0,0,0,0,3,5,3,Iskele
50,İSKELE - YARKÖY,405,233,233,0,172,222,11,125,27,40,0,0,0,0,0,10,17,3,Iskele
51,MEHMETCİK - BAFRA,396,234,234,0,162,223,11,123,33,13,0,0,0,0,2,18,17,17,Iskele
52,MEHMETCİK - BALALAN,48,39,39,0,9,39,0,17,15,0,0,0,0,0,0,1,3,3,Iskele
53,MEHMETCİK - ÇAYIROVA,381,235,235,0,146,225,10,79,61,7,3,3,0,0,0,21,29,22,Iskele
54,MEHMETCİK - KUMYALI,319,186,186,0,133,176,10,76,26,19,1,0,1,0,0,33,18,2,Iskele
55,MEHMETCİK - KUMYALI,318,163,163,0,155,159,4,68,17,15,0,0,0,0,0,15,34,10,Iskele
56,MEHMETCİK - MEHMETCİK,311,186,186,0,125,176,10,64,58,0,0,0,0,0,1,16,30,7,Iskele
57,MEHMETCİK - MEHMETCİK,307,188,188,0,119,171,17,73,42,2,0,1,0,0,1,9,42,1,Iskele
58,MEHMETCİK - MEHMETCİK,311,147,147,0,164,138,9,58,24,1,1,0,0,0,0,11,41,2,Iskele
59,MEHMETCİK - MEHMETCİK,314,170,170,0,144,159,11,65,35,4,0,0,0,0,0,8,38,9,Iskele
60,MEHMETCİK - PAMUKLU,248,172,172,0,76,153,19,66,25,26,0,0,0,0,0,30,5,1,Iskele
61,YENİ ERENKÖY - ADAÇAY,69,33,33,0,36,32,1,24,0,2,0,0,0,0,0,4,0,2,Iskele
62,YENİ ERENKÖY - AVTEPE,98,65,65,0,33,59,6,21,10,0,0,0,0,0,0,1,10,17,Iskele
63,YENİ ERENKÖY - BOLTAŞLI,214,109,109,0,105,102,7,48,18,24,1,0,0,0,0,2,7,2,Iskele
64,YENİ ERENKÖY - DERİNCE,275,125,125,0,150,116,9,68,4,18,0,1,0,0,1,8,12,4,Iskele
65,YENİ ERENKÖY - DERİNCE,250,114,114,0,136,108,6,55,16,25,0,0,0,0,0,4,3,5,Iskele
66,YENİ ERENKÖY - ESENKÖY,52,29,29,0,23,29,0,12,5,3,0,0,0,0,0,4,0,5,Iskele
67,YENİ ERENKÖY - GELİNCİK,259,141,141,0,118,132,9,34,14,67,1,0,1,0,0,11,1,3,Iskele
68,YENİ ERENKÖY - GELİNCİK,239,145,145,0,94,133,12,55,27,40,1,0,0,0,0,3,5,2,Iskele
69,YENİ ERENKÖY - KURUOVA,142,59,59,0,83,48,11,28,3,1,0,0,0,0,0,1,11,4,Iskele
70,YENİ ERENKÖY - SİPAHİ,241,136,136,0,105,130,6,68,1,38,2,0,0,0,0,4,1,16,Iskele
71,YENİ ERENKÖY - SİPAHİ,239,128,128,0,111,122,6,58,8,42,0,0,1,0,0,5,3,5,Iskele
72,YENİ ERENKÖY - TAŞLICA,73,44,44,0,29,44,0,23,9,4,1,0,0,1,0,2,2,2,Iskele
73,YENİ ERENKÖY - YENİ ERENKÖY,275,161,161,0,114,149,12,83,31,0,0,0,0,0,0,13,11,11,Iskele
74,YENİ ERENKÖY - YENİ ERENKÖY,282,160,160,0,122,157,3,55,39,0,0,0,0,0,0,17,27,19,Iskele
75,YENİ ERENKÖY - YENİ ERENKÖY,285,181,181,0,104,168,13,80,24,1,0,2,0,0,0,18,21,22,Iskele
76,YENİ ERENKÖY - YENİ ERENKÖY,284,188,188,0,96,178,10,93,38,0,0,1,0,0,0,14,17,15,Iskele
77,YENİ ERENKÖY - YENİ ERENKÖY,266,165,165,0,101,155,10,52,41,6,0,0,0,0,0,8,26,22,Iskele
78,YENİ ERENKÖY - YEŞİLKÖY,276,138,138,0,138,135,3,72,14,17,1,0,0,0,0,6,17,8,Iskele
79,YENİ ERENKÖY - YEŞİLKÖY,282,154,154,0,128,147,7,62,24,46,0,0,0,0,0,4,5,6,Iskele
80,YENİ ERENKÖY - YEŞİLKÖY,265,134,134,0,131,130,4,60,24,16,2,0,0,0,0,3,18,7,Iskele
81,YENİ ERENKÖY - ZİYAMET,237,154,154,0,83,143,11,94,10,21,0,0,0,0,0,9,5,4,Iskele
82,YENİ ERENKÖY - ZİYAMET,241,145,145,0,96,130,15,52,7,16,0,0,0,2,1,16,6,30,Iskele
83,YENİ ERENKÖY - ZİYAMET,238,143,143,0,95,132,11,69,12,30,0,0,0,0,0,11,8,2,Iskele
